input_a,input_b
"[[0.456, 0.078], [0.321, 0.03]]","[[0.491, 0.754], [0.017, 0.016]]"
"[[0.638, 0.93], [0.105, 0.608]]","[[0.068, 0.948], [0.562, 0.619]]"
"[[0.643, 0.182], [0.381, 0.494]]","[[0.199, 0.158], [0.719, 0.59]]"
"[[0.265, 0.189], [0.822, 0.204]]","[[0.214, 0.099], [0.326, 0.56]]"
"[[0.211, 0.978], [0.241, 0.052]]","[[0.352, 0.297], [0.489, 0.74]]"
"[[0.813, 0.454], [0.175, 0.801]]","[[0.091, 0.821], [0.299, 0.867]]"
"[[0.811, 0.089], [0.617, 0.246]]","[[0.586, 0.905], [0.335, 0.005]]"
"[[0.878, 0.253], [0.299, 0.886]]","[[0.824, 0.543], [0.314, 0.536]]"
"[[0.411, 0.311], [0.569, 0.693]]","[[0.808, 0.763], [0.149, 0.693]]"
"[[0.976, 0.337], [0.795, 0.471]]","[[0.501, 0.096], [0.147, 0.158]]"
"[[0.138, 0.631], [0.831, 0.389]]","[[0.422, 0.595], [0.701, 0.386]]"
"[[0.729, 0.054], [0.503, 0.517]]","[[0.782, 0.662], [0.159, 0.716]]"
"[[0.411, 0.84], [0.142, 0.276]]","[[0.692, 0.105], [0.92, 0.212]]"
"[[0.896, 0.309], [0.824, 0.245]]","[[0.371, 0.086], [0.503, 0.398]]"
"[[0.243, 0.834], [0.325, 0.426]]","[[0.458, 0.177], [0.739, 0.741]]"
"[[0.748, 0.194], [0.881, 0.61]]","[[0.86, 0.275], [0.91, 0.901]]"
"[[0.754, 0.582], [0.608, 0.57]]","[[0.781, 0.738], [0.519, 0.532]]"
"[[0.889, 0.044], [0.363, 0.212]]","[[0.414, 0.377], [0.18, 0.526]]"
"[[0.916, 0.057], [0.071, 0.259]]","[[0.567, 0.646], [0.638, 0.732]]"
"[[0.201, 0.561], [0.513, 0.32]]","[[0.084, 0.665], [0.743, 0.983]]"
"[[0.924, 0.215], [0.364, 0.669]]","[[0.674, 0.699], [0.343, 0.835]]"
"[[0.878, 0.784], [0.023, 0.883]]","[[0.021, 0.756], [0.191, 0.058]]"
"[[0.445, 0.968], [0.95, 0.172]]","[[0.235, 0.348], [0.035, 0.759]]"
"[[0.092, 0.804], [0.878, 0.004]]","[[0.727, 0.906], [0.746, 0.602]]"
"[[0.251, 0.982], [0.455, 0.297]]","[[0.995, 0.982], [0.629, 0.458]]"
"[[0.32, 0.758], [0.282, 0.173]]","[[0.291, 0.905], [0.348, 0.631]]"
"[[0.377, 0.278], [0.376, 0.011]]","[[0.21, 0.56], [0.828, 0.612]]"
"[[0.201, 0.652], [0.816, 0.204]]","[[0.043, 0.032], [0.91, 0.788]]"
"[[0.251, 0.013], [0.687, 0.4]]","[[0.087, 0.205], [0.444, 0.264]]"
"[[0.128, 0.923], [0.574, 0.597]]","[[0.99, 0.646], [0.498, 0.305]]"
"[[0.448, 0.22], [0.244, 0.677]]","[[0.999, 0.428], [0.157, 0.137]]"
"[[0.71, 0.826], [0.728, 0.98]]","[[0.412, 0.318], [0.675, 0.849]]"
"[[0.103, 0.125], [0.053, 0.588]]","[[0.171, 0.811], [0.446, 0.498]]"
"[[0.046, 0.932], [0.942, 0.969]]","[[0.259, 0.677], [0.629, 0.597]]"
"[[0.884, 0.139], [0.938, 0.364]]","[[0.895, 0.617], [0.968, 0.594]]"
"[[0.162, 0.513], [0.779, 0.28]]","[[0.569, 0.922], [0.168, 0.267]]"
"[[0.536, 0.748], [0.05, 0.369]]","[[0.905, 0.997], [0.926, 0.48]]"
"[[0.027, 0.333], [0.921, 0.484]]","[[0.92, 0.366], [0.154, 0.522]]"
"[[0.29, 0.379], [0.139, 0.326]]","[[0.24, 0.084], [0.178, 0.18]]"
"[[0.037, 0.552], [0.514, 0.12]]","[[0.481, 0.204], [0.383, 0.685]]"
"[[0.484, 0.508], [0.162, 0.61]]","[[0.289, 0.28], [0.914, 0.863]]"
"[[0.135, 0.962], [0.571, 0.386]]","[[0.036, 0.896], [0.653, 0.002]]"
"[[0.073, 0.861], [0.933, 0.721]]","[[0.568, 0.888], [0.369, 0.645]]"
"[[0.186, 0.24], [0.075, 0.425]]","[[0.137, 0.773], [0.449, 0.177]]"
"[[0.706, 0.351], [0.526, 0.95]]","[[0.161, 0.875], [0.445, 0.388]]"
"[[0.068, 0.989], [0.807, 0.621]]","[[0.738, 0.937], [0.628, 0.032]]"
"[[0.5, 0.92], [0.425, 0.321]]","[[0.731, 0.848], [0.972, 0.745]]"
"[[0.876, 0.888], [0.891, 0.364]]","[[0.746, 0.792], [0.124, 0.765]]"
"[[0.869, 0.27], [0.485, 0.952]]","[[0.163, 0.002], [0.002, 0.541]]"
"[[0.21, 0.769], [0.717, 0.969]]","[[0.456, 0.809], [0.614, 0.507]]"
"[[0.438, 0.663], [0.515, 0.785]]","[[0.757, 0.198], [0.116, 0.755]]"
"[[0.622, 0.789], [0.915, 0.024]]","[[0.97, 0.826], [0.088, 0.538]]"
"[[0.358, 0.247], [0.261, 0.176]]","[[0.533, 0.418], [0.326, 0.126]]"
"[[0.174, 0.072], [0.462, 0.717]]","[[0.724, 0.022], [0.094, 0.954]]"
"[[0.346, 0.179], [0.884, 0.374]]","[[0.579, 0.73], [0.888, 0.318]]"
"[[0.493, 0.345], [0.082, 0.841]]","[[0.672, 0.296], [0.362, 0.864]]"
"[[0.53, 0.739], [0.331, 0.0]]","[[0.139, 0.376], [0.856, 0.545]]"
"[[0.099, 0.887], [0.399, 0.408]]","[[0.451, 0.273], [0.519, 0.879]]"
"[[0.582, 0.636], [0.564, 0.507]]","[[0.99, 0.918], [0.597, 0.427]]"
"[[0.857, 0.212], [0.449, 0.043]]","[[0.707, 0.247], [0.192, 0.658]]"
"[[0.867, 0.106], [0.32, 0.685]]","[[0.652, 0.312], [0.511, 0.294]]"
"[[0.173, 0.058], [0.023, 0.795]]","[[0.09, 0.077], [0.272, 0.228]]"
"[[0.046, 0.113], [0.074, 0.519]]","[[0.787, 0.164], [0.758, 0.324]]"
"[[0.114, 0.033], [0.426, 0.822]]","[[0.734, 0.824], [0.197, 0.206]]"
"[[0.558, 0.773], [0.546, 0.034]]","[[0.633, 0.749], [0.1, 0.052]]"
"[[0.243, 0.326], [0.945, 0.118]]","[[0.106, 0.399], [0.437, 0.714]]"
"[[0.631, 0.056], [0.219, 0.676]]","[[0.84, 0.343], [0.214, 0.625]]"
"[[0.312, 0.591], [0.139, 0.473]]","[[0.407, 0.691], [0.996, 0.869]]"
"[[0.079, 0.462], [0.1, 0.492]]","[[0.308, 0.745], [0.249, 0.077]]"
"[[0.317, 0.513], [0.553, 0.343]]","[[0.166, 0.814], [0.126, 0.216]]"
"[[0.061, 0.397], [0.259, 0.506]]","[[0.833, 0.487], [0.002, 0.069]]"
"[[0.48, 0.576], [0.018, 0.682]]","[[0.34, 0.313], [0.054, 0.722]]"
"[[0.726, 0.203], [0.705, 0.318]]","[[0.365, 0.505], [0.364, 0.799]]"
"[[0.364, 0.982], [0.835, 0.394]]","[[0.414, 0.983], [0.517, 0.167]]"
"[[0.876, 0.444], [0.911, 0.348]]","[[0.553, 0.446], [0.08, 0.589]]"
"[[0.375, 0.032], [0.133, 0.173]]","[[0.874, 0.56], [0.509, 0.268]]"
"[[0.041, 0.948], [0.517, 0.72]]","[[0.224, 0.906], [0.802, 0.624]]"
"[[0.209, 0.524], [0.221, 0.994]]","[[0.13, 0.845], [0.939, 0.575]]"
"[[0.635, 0.579], [0.952, 0.341]]","[[0.71, 0.488], [0.235, 0.903]]"
"[[0.68, 0.606], [0.031, 0.985]]","[[0.802, 0.253], [0.748, 0.43]]"
"[[0.424, 0.786], [0.78, 0.29]]","[[0.778, 0.481], [0.344, 0.338]]"
"[[0.767, 0.148], [0.848, 0.409]]","[[0.804, 0.264], [0.209, 0.666]]"
"[[0.493, 0.294], [0.185, 0.264]]","[[0.491, 0.668], [0.917, 0.107]]"
"[[0.624, 0.471], [0.688, 0.88]]","[[0.223, 0.482], [0.852, 0.429]]"
"[[0.823, 0.614], [0.357, 0.506]]","[[0.771, 0.039], [0.7, 0.76]]"
"[[0.655, 0.75], [0.097, 0.239]]","[[0.042, 0.934], [0.804, 0.245]]"
"[[0.122, 0.856], [0.817, 0.615]]","[[0.754, 0.64], [0.825, 0.743]]"
"[[0.761, 0.88], [0.528, 0.699]]","[[0.79, 0.396], [0.752, 0.492]]"
"[[0.12, 0.679], [0.698, 0.381]]","[[0.581, 1.0], [0.865, 0.39]]"
"[[0.911, 0.203], [0.48, 0.508]]","[[0.037, 0.11], [0.521, 0.379]]"
"[[0.741, 0.479], [0.58, 0.86]]","[[0.89, 0.827], [0.209, 0.028]]"
"[[0.013, 0.757], [0.733, 0.502]]","[[0.741, 0.9], [0.605, 0.09]]"
"[[0.352, 0.616], [0.502, 0.437]]","[[0.832, 0.453], [0.755, 0.764]]"
"[[0.158, 0.582], [0.959, 0.406]]","[[0.712, 0.839], [0.886, 0.273]]"
"[[0.012, 0.488], [0.275, 0.037]]","[[0.763, 0.512], [0.25, 0.714]]"
"[[0.121, 0.848], [0.534, 0.563]]","[[0.645, 0.561], [0.458, 0.445]]"
"[[0.988, 0.363], [0.028, 0.38]]","[[0.151, 0.905], [0.382, 0.173]]"
"[[0.375, 0.686], [0.143, 0.22]]","[[0.191, 0.701], [0.436, 0.217]]"
"[[0.512, 0.773], [0.434, 0.613]]","[[0.692, 0.772], [0.37, 0.763]]"
"[[0.215, 0.276], [0.135, 0.068]]","[[0.223, 0.51], [0.245, 0.939]]"
"[[0.136, 0.65], [0.929, 0.42]]","[[0.566, 0.099], [0.969, 0.885]]"
"[[0.204, 0.087], [0.128, 0.511]]","[[0.409, 0.514], [0.359, 0.847]]"
"[[0.611, 0.954], [0.928, 0.401]]","[[0.819, 0.799], [0.766, 0.912]]"
"[[0.915, 0.159], [0.747, 0.399]]","[[0.371, 0.033], [0.039, 0.992]]"
"[[0.306, 0.373], [0.325, 0.882]]","[[0.462, 0.457], [0.209, 0.446]]"
"[[0.4, 0.943], [0.096, 0.863]]","[[0.153, 0.404], [0.516, 0.627]]"
"[[0.151, 0.071], [0.983, 0.093]]","[[0.675, 0.379], [0.302, 0.722]]"
"[[0.102, 0.19], [0.809, 0.538]]","[[0.972, 0.561], [0.323, 0.036]]"
"[[0.42, 0.544], [0.228, 0.79]]","[[0.44, 0.17], [0.174, 0.8]]"
"[[0.815, 0.358], [0.151, 0.095]]","[[0.947, 0.109], [0.697, 0.821]]"
"[[0.834, 0.382], [0.289, 0.623]]","[[0.196, 0.114], [0.829, 0.671]]"
"[[0.655, 0.092], [0.615, 0.954]]","[[0.68, 0.119], [0.699, 0.584]]"
"[[0.095, 0.029], [0.176, 0.862]]","[[0.111, 0.063], [0.235, 0.602]]"
"[[0.382, 0.316], [0.799, 0.411]]","[[0.606, 0.995], [0.242, 0.788]]"
"[[0.365, 0.225], [0.185, 0.528]]","[[0.35, 0.864], [0.662, 0.55]]"
"[[0.901, 0.293], [0.956, 0.4]]","[[0.832, 0.256], [0.256, 0.548]]"
"[[0.178, 0.069], [0.088, 0.641]]","[[0.935, 0.935], [0.179, 0.615]]"
"[[0.577, 0.905], [0.866, 0.79]]","[[0.506, 0.183], [0.945, 0.144]]"
"[[0.118, 0.328], [0.703, 0.932]]","[[0.123, 0.245], [0.997, 0.831]]"
"[[0.753, 0.363], [0.616, 0.697]]","[[0.123, 0.525], [0.61, 0.715]]"
"[[0.631, 0.745], [0.887, 0.317]]","[[0.934, 0.274], [0.646, 0.034]]"
"[[0.667, 0.034], [0.78, 0.021]]","[[0.861, 0.291], [0.415, 0.005]]"
"[[0.798, 0.867], [0.778, 0.874]]","[[0.655, 0.825], [0.743, 0.873]]"
"[[0.21, 0.669], [0.279, 0.815]]","[[0.735, 0.324], [0.324, 0.921]]"
"[[0.644, 0.313], [0.115, 0.184]]","[[0.408, 0.871], [0.35, 0.319]]"
"[[0.026, 0.143], [0.41, 0.876]]","[[0.454, 0.799], [0.458, 0.367]]"
"[[0.379, 0.411], [0.271, 0.543]]","[[0.433, 0.106], [0.947, 0.049]]"
"[[0.546, 0.963], [0.847, 0.024]]","[[0.649, 0.743], [0.059, 0.401]]"
"[[0.388, 0.843], [0.435, 0.74]]","[[0.826, 0.993], [0.518, 0.176]]"
"[[0.418, 0.398], [0.178, 0.148]]","[[0.766, 0.206], [0.302, 0.722]]"
"[[0.791, 0.319], [0.051, 0.362]]","[[0.104, 0.089], [0.192, 0.068]]"
"[[0.747, 0.149], [0.663, 0.771]]","[[0.553, 0.951], [0.693, 0.421]]"
"[[0.01, 0.107], [0.585, 0.72]]","[[0.048, 0.656], [0.506, 0.97]]"
"[[0.141, 0.109], [0.502, 0.946]]","[[0.184, 0.779], [0.809, 0.173]]"
"[[0.508, 0.636], [0.157, 0.03]]","[[0.386, 0.49], [0.58, 0.196]]"
"[[0.956, 0.346], [0.405, 0.944]]","[[0.111, 0.307], [0.749, 0.065]]"
"[[0.373, 0.973], [0.108, 0.353]]","[[0.657, 0.487], [0.452, 0.003]]"
"[[0.15, 0.007], [0.965, 0.897]]","[[0.902, 0.453], [0.314, 0.483]]"
"[[0.921, 0.171], [0.381, 0.733]]","[[0.158, 0.602], [0.383, 0.048]]"
"[[0.517, 0.839], [0.073, 0.937]]","[[0.23, 0.711], [0.725, 0.587]]"
"[[0.365, 0.877], [0.089, 0.441]]","[[0.053, 0.654], [0.957, 0.456]]"
"[[0.041, 0.646], [0.536, 0.495]]","[[0.704, 0.832], [0.174, 0.084]]"
"[[0.145, 0.504], [0.357, 0.456]]","[[0.407, 0.703], [0.652, 0.62]]"
"[[0.458, 0.585], [0.037, 0.176]]","[[0.556, 0.508], [0.256, 0.732]]"
"[[0.566, 0.133], [0.318, 0.068]]","[[0.673, 0.145], [0.291, 0.192]]"
"[[0.294, 0.054], [0.885, 0.082]]","[[0.694, 0.637], [0.74, 0.291]]"
"[[0.29, 0.111], [0.14, 0.512]]","[[0.457, 0.29], [0.244, 0.382]]"
"[[0.719, 0.499], [0.632, 0.752]]","[[0.336, 0.489], [0.655, 0.633]]"
"[[0.259, 0.336], [0.377, 0.963]]","[[0.593, 0.77], [0.444, 0.832]]"
"[[0.268, 0.694], [0.341, 0.774]]","[[0.934, 0.28], [0.25, 0.707]]"
"[[0.004, 0.482], [0.594, 0.768]]","[[0.298, 0.08], [0.619, 0.302]]"
"[[0.104, 0.334], [0.221, 0.377]]","[[0.326, 0.853], [0.446, 0.323]]"
"[[0.64, 0.032], [0.864, 0.78]]","[[0.153, 0.574], [0.987, 0.644]]"
"[[0.759, 0.542], [0.535, 0.266]]","[[0.085, 0.109], [0.026, 0.178]]"
"[[0.785, 0.247], [0.028, 0.767]]","[[0.868, 0.933], [0.03, 0.901]]"
"[[0.978, 0.92], [0.515, 0.601]]","[[0.558, 0.451], [0.138, 0.956]]"
"[[0.903, 0.689], [0.76, 0.679]]","[[0.368, 0.197], [0.666, 0.601]]"
"[[0.536, 0.836], [0.995, 0.294]]","[[0.463, 0.95], [0.324, 0.415]]"
"[[0.346, 0.242], [0.061, 0.548]]","[[0.806, 0.827], [0.377, 0.527]]"
"[[0.514, 0.411], [0.616, 0.433]]","[[0.314, 0.719], [0.275, 0.558]]"
"[[0.666, 0.15], [0.733, 0.56]]","[[0.972, 0.1], [0.168, 0.03]]"
"[[0.715, 0.177], [0.915, 0.496]]","[[0.035, 0.137], [0.877, 0.601]]"
"[[0.512, 0.101], [0.121, 0.232]]","[[0.906, 0.57], [0.217, 0.828]]"
"[[0.778, 0.853], [0.46, 0.482]]","[[0.671, 0.091], [0.853, 0.237]]"
"[[0.94, 0.47], [0.246, 0.695]]","[[0.989, 0.927], [0.422, 0.532]]"
"[[0.18, 0.827], [0.538, 0.913]]","[[0.745, 0.457], [0.267, 0.804]]"
"[[0.699, 0.581], [0.25, 0.779]]","[[0.164, 0.764], [0.848, 0.229]]"
"[[0.346, 0.055], [0.221, 0.447]]","[[0.167, 0.296], [0.626, 0.268]]"
"[[0.98, 0.973], [0.44, 0.09]]","[[0.67, 0.836], [0.437, 0.125]]"
"[[0.94, 0.842], [0.068, 0.561]]","[[0.649, 0.388], [0.244, 0.599]]"
"[[0.95, 0.903], [0.256, 0.799]]","[[0.078, 0.907], [0.47, 0.568]]"
"[[0.831, 0.114], [0.655, 0.747]]","[[0.005, 0.858], [0.531, 0.125]]"
"[[0.511, 0.253], [0.224, 0.672]]","[[0.055, 0.067], [0.318, 0.394]]"
"[[0.549, 0.103], [0.39, 0.62]]","[[0.409, 0.549], [0.204, 0.644]]"
"[[0.315, 0.805], [0.369, 0.045]]","[[0.022, 0.172], [0.675, 0.565]]"
"[[0.621, 0.434], [0.727, 0.333]]","[[0.823, 0.186], [0.116, 0.22]]"
"[[0.365, 0.55], [0.367, 0.292]]","[[0.883, 0.766], [0.55, 0.966]]"
"[[0.892, 0.791], [0.982, 0.593]]","[[0.773, 0.801], [0.989, 0.943]]"
"[[0.36, 0.059], [0.044, 0.522]]","[[0.521, 0.242], [0.491, 0.447]]"
"[[0.7, 0.369], [0.777, 0.592]]","[[0.507, 0.775], [0.248, 0.133]]"
"[[0.126, 0.496], [0.597, 0.441]]","[[0.477, 0.729], [0.283, 0.371]]"
"[[0.965, 0.286], [0.96, 0.432]]","[[0.202, 0.477], [0.514, 0.464]]"
"[[0.127, 0.823], [0.872, 0.482]]","[[0.419, 0.901], [0.843, 0.626]]"
"[[0.355, 0.257], [0.247, 0.719]]","[[0.391, 0.412], [0.687, 0.687]]"
"[[0.994, 0.727], [0.97, 0.524]]","[[0.47, 0.187], [0.284, 0.704]]"
"[[0.011, 0.189], [0.541, 0.044]]","[[0.173, 0.03], [0.395, 0.633]]"
"[[0.734, 0.765], [0.104, 0.042]]","[[0.12, 0.39], [0.723, 0.452]]"
"[[0.644, 0.566], [0.392, 0.123]]","[[0.31, 0.036], [0.334, 0.488]]"
"[[0.943, 0.507], [0.016, 0.718]]","[[0.487, 0.835], [0.373, 0.964]]"
"[[0.052, 0.034], [0.535, 0.048]]","[[0.517, 0.969], [0.988, 0.825]]"
"[[0.98, 0.997], [0.27, 0.277]]","[[0.871, 0.809], [0.56, 0.528]]"
"[[0.557, 0.933], [0.914, 0.642]]","[[0.176, 0.576], [0.903, 0.97]]"
"[[0.451, 0.022], [0.315, 0.987]]","[[0.136, 0.188], [0.97, 0.921]]"
"[[0.347, 0.433], [0.478, 0.644]]","[[0.506, 0.926], [0.235, 0.878]]"
"[[0.533, 0.851], [0.013, 0.836]]","[[0.319, 0.759], [0.273, 0.216]]"
"[[0.428, 0.529], [0.823, 0.255]]","[[0.138, 0.079], [0.412, 0.82]]"
"[[0.201, 0.982], [0.578, 0.684]]","[[0.571, 0.632], [0.83, 0.249]]"
"[[0.442, 0.631], [0.355, 0.079]]","[[0.284, 0.466], [0.343, 0.989]]"
"[[0.619, 0.683], [0.076, 0.862]]","[[0.743, 0.276], [0.776, 0.762]]"
"[[0.545, 0.169], [0.597, 0.057]]","[[0.621, 0.689], [0.935, 0.646]]"
"[[0.98, 0.41], [0.227, 0.951]]","[[0.814, 0.411], [0.121, 0.983]]"
"[[0.504, 0.947], [0.578, 0.852]]","[[0.055, 0.321], [0.087, 0.505]]"
"[[0.108, 0.713], [0.42, 0.338]]","[[0.59, 0.607], [0.285, 0.27]]"
"[[0.981, 0.959], [0.192, 0.389]]","[[0.596, 0.539], [0.064, 0.825]]"
"[[0.797, 0.049], [0.38, 0.987]]","[[0.65, 0.131], [0.202, 0.318]]"
"[[0.661, 0.304], [0.51, 0.411]]","[[0.438, 0.109], [0.923, 0.498]]"
"[[0.13, 0.953], [0.902, 0.487]]","[[0.403, 0.386], [0.941, 0.884]]"
"[[0.074, 0.539], [0.469, 0.424]]","[[0.175, 0.435], [0.739, 0.262]]"
"[[0.787, 0.187], [0.558, 0.638]]","[[0.506, 0.818], [0.064, 0.1]]"
"[[0.166, 0.177], [0.21, 0.181]]","[[0.381, 0.781], [0.532, 0.458]]"
"[[0.918, 0.496], [0.14, 0.782]]","[[0.3, 0.545], [0.556, 0.595]]"
"[[0.337, 0.496], [0.136, 0.335]]","[[0.801, 0.088], [0.7, 0.165]]"
"[[0.008, 0.45], [0.769, 0.399]]","[[0.797, 0.711], [0.872, 0.661]]"
"[[0.269, 0.119], [0.756, 0.914]]","[[0.976, 0.143], [0.093, 0.595]]"
"[[0.831, 0.532], [0.207, 0.705]]","[[0.021, 0.644], [0.995, 0.317]]"
"[[0.384, 0.688], [0.157, 0.324]]","[[0.984, 0.444], [0.844, 0.258]]"
"[[0.627, 0.864], [0.573, 0.89]]","[[0.016, 0.66], [0.225, 0.663]]"
"[[0.022, 0.563], [0.44, 0.448]]","[[0.49, 0.28], [0.143, 0.033]]"
"[[0.129, 0.087], [0.266, 0.315]]","[[0.101, 0.43], [0.601, 0.306]]"
"[[0.904, 0.501], [0.559, 0.333]]","[[0.335, 0.251], [0.726, 0.331]]"
"[[0.766, 0.787], [0.654, 0.743]]","[[0.275, 0.512], [0.741, 0.952]]"
"[[0.263, 0.925], [0.39, 0.873]]","[[0.172, 0.883], [0.099, 0.14]]"
"[[0.165, 0.891], [0.025, 0.719]]","[[0.345, 0.798], [0.925, 0.301]]"
"[[0.58, 0.276], [0.96, 0.26]]","[[0.535, 0.912], [0.644, 0.155]]"
"[[0.595, 0.445], [0.444, 0.108]]","[[0.778, 0.886], [0.838, 0.082]]"
"[[0.022, 0.231], [0.561, 0.308]]","[[0.372, 0.888], [0.978, 0.492]]"
"[[0.743, 0.003], [0.377, 0.585]]","[[0.642, 0.006], [0.414, 0.777]]"
"[[0.761, 0.534], [0.833, 0.453]]","[[0.365, 0.632], [0.73, 0.475]]"
"[[0.381, 0.819], [0.64, 0.822]]","[[0.009, 0.47], [0.579, 0.692]]"
"[[0.816, 0.693], [0.734, 0.007]]","[[0.66, 0.994], [0.784, 0.159]]"
"[[0.845, 0.916], [0.792, 0.571]]","[[0.419, 0.557], [0.849, 0.07]]"
"[[0.822, 0.135], [0.083, 0.077]]","[[0.999, 0.521], [0.91, 0.508]]"
"[[0.481, 0.327], [0.284, 0.911]]","[[0.148, 0.321], [0.174, 0.18]]"
"[[0.459, 0.478], [0.218, 0.489]]","[[0.945, 0.792], [0.113, 0.473]]"
"[[0.507, 0.908], [0.381, 0.952]]","[[0.902, 0.117], [0.515, 0.493]]"
"[[0.66, 0.829], [0.687, 0.252]]","[[0.545, 0.396], [0.169, 0.274]]"
"[[0.55, 0.227], [0.386, 0.094]]","[[0.608, 0.318], [0.196, 0.197]]"
"[[0.732, 0.145], [0.819, 0.469]]","[[0.394, 0.224], [0.67, 0.24]]"
"[[0.981, 0.506], [0.225, 0.851]]","[[0.518, 0.691], [0.545, 0.016]]"
"[[0.294, 0.359], [0.576, 0.174]]","[[0.212, 0.557], [0.869, 0.718]]"
"[[0.927, 0.265], [0.795, 0.057]]","[[0.956, 0.974], [0.436, 0.32]]"
"[[0.124, 0.695], [0.438, 0.397]]","[[0.347, 0.576], [0.667, 0.692]]"
"[[0.079, 0.658], [0.136, 0.159]]","[[0.549, 0.596], [0.147, 0.219]]"
"[[0.409, 0.385], [0.211, 0.15]]","[[0.707, 0.976], [0.932, 0.198]]"
"[[0.106, 0.123], [0.306, 0.361]]","[[0.655, 0.989], [0.787, 0.964]]"
"[[0.822, 0.832], [0.283, 0.792]]","[[0.958, 0.951], [0.683, 0.219]]"
"[[0.129, 0.432], [0.124, 0.153]]","[[0.402, 0.584], [0.971, 0.506]]"
"[[0.118, 0.16], [0.066, 0.824]]","[[0.737, 0.225], [0.857, 0.565]]"
"[[0.326, 0.473], [0.626, 0.023]]","[[0.229, 0.227], [0.213, 0.753]]"
"[[0.731, 0.311], [0.387, 0.967]]","[[0.879, 0.299], [0.538, 0.688]]"
"[[0.247, 0.699], [0.05, 0.748]]","[[0.911, 0.604], [0.228, 0.921]]"
"[[0.967, 0.732], [0.134, 0.752]]","[[0.981, 0.996], [0.502, 0.502]]"
"[[0.888, 0.168], [0.083, 0.559]]","[[0.104, 0.063], [0.036, 0.973]]"
"[[0.676, 0.546], [0.089, 0.996]]","[[0.412, 0.388], [0.981, 0.796]]"
"[[0.506, 0.352], [0.204, 0.931]]","[[0.417, 0.435], [0.74, 0.345]]"
"[[0.601, 0.881], [0.905, 0.847]]","[[0.476, 0.043], [0.635, 0.642]]"
"[[0.929, 0.314], [0.074, 0.709]]","[[0.836, 0.738], [0.395, 0.42]]"
"[[0.999, 0.755], [0.946, 0.571]]","[[0.58, 0.371], [0.457, 0.522]]"
"[[0.444, 0.398], [0.382, 0.563]]","[[0.386, 0.797], [0.077, 0.385]]"
"[[0.094, 0.765], [0.727, 0.261]]","[[0.976, 0.735], [0.618, 0.756]]"
"[[0.647, 0.576], [0.404, 0.014]]","[[0.768, 0.787], [0.088, 0.125]]"
"[[0.977, 0.919], [0.046, 0.702]]","[[0.316, 0.854], [0.05, 0.108]]"
"[[0.842, 0.39], [0.243, 0.115]]","[[0.437, 0.812], [0.444, 0.074]]"
"[[0.194, 0.034], [0.828, 0.69]]","[[0.373, 0.467], [0.777, 0.52]]"
"[[0.999, 0.119], [0.818, 0.176]]","[[0.096, 0.07], [0.988, 0.658]]"
"[[0.084, 0.973], [0.161, 0.696]]","[[0.002, 0.334], [0.251, 0.887]]"
"[[0.603, 0.115], [0.957, 0.758]]","[[0.17, 0.698], [0.172, 0.908]]"
"[[0.628, 0.516], [0.188, 0.399]]","[[0.824, 0.555], [0.163, 0.221]]"
"[[0.725, 0.702], [0.882, 0.993]]","[[0.612, 0.539], [0.331, 0.042]]"
"[[0.715, 0.01], [0.675, 0.225]]","[[0.395, 0.957], [0.793, 0.726]]"
"[[0.707, 0.94], [0.447, 0.973]]","[[0.773, 0.204], [0.081, 0.201]]"
"[[0.329, 0.144], [0.21, 0.171]]","[[0.429, 0.552], [0.285, 0.559]]"
"[[0.029, 0.514], [0.24, 0.271]]","[[0.008, 0.646], [0.498, 0.162]]"
"[[0.713, 0.426], [0.413, 0.08]]","[[0.063, 0.965], [0.056, 0.341]]"
"[[0.66, 0.304], [0.179, 0.689]]","[[0.239, 0.032], [0.716, 0.625]]"
"[[0.835, 0.024], [0.879, 0.517]]","[[0.465, 0.47], [0.283, 0.595]]"
"[[0.046, 0.213], [0.235, 0.303]]","[[0.418, 0.355], [0.884, 0.03]]"
"[[0.303, 0.787], [0.767, 0.527]]","[[0.243, 0.877], [0.92, 0.321]]"
"[[0.099, 0.98], [0.803, 0.27]]","[[0.687, 0.248], [0.37, 0.204]]"
"[[0.656, 0.488], [0.029, 0.638]]","[[0.366, 0.857], [0.007, 0.787]]"
"[[0.272, 0.117], [0.289, 0.024]]","[[0.159, 0.595], [0.029, 0.17]]"
"[[0.004, 0.75], [0.721, 0.296]]","[[0.592, 0.776], [0.137, 0.942]]"
"[[0.247, 0.218], [0.434, 0.432]]","[[0.085, 0.033], [0.387, 0.927]]"
"[[0.585, 0.196], [0.65, 0.867]]","[[0.074, 0.995], [0.178, 0.791]]"
"[[0.799, 0.995], [0.273, 0.03]]","[[0.17, 0.838], [0.469, 0.49]]"
"[[0.077, 0.137], [0.093, 0.987]]","[[0.602, 0.099], [0.267, 0.905]]"
"[[0.28, 0.587], [0.944, 0.648]]","[[0.226, 0.433], [0.99, 0.844]]"
"[[0.948, 0.532], [0.143, 0.137]]","[[0.065, 0.885], [0.889, 0.659]]"
"[[0.542, 0.328], [0.507, 0.309]]","[[0.307, 0.144], [0.583, 0.49]]"
"[[0.55, 0.275], [0.33, 0.004]]","[[0.205, 0.596], [0.371, 0.758]]"
"[[0.899, 0.937], [0.775, 0.129]]","[[0.745, 0.83], [0.45, 0.641]]"
"[[0.003, 0.375], [0.581, 0.184]]","[[0.135, 0.419], [0.727, 0.807]]"
"[[0.591, 0.211], [0.828, 0.166]]","[[0.684, 0.45], [0.569, 0.304]]"
"[[0.489, 0.126], [0.588, 0.65]]","[[0.044, 0.852], [0.503, 0.825]]"
"[[0.382, 0.701], [0.908, 0.185]]","[[0.788, 0.994], [0.301, 0.824]]"
"[[0.572, 0.916], [0.636, 0.59]]","[[0.682, 0.744], [0.219, 0.679]]"
"[[0.731, 0.631], [0.784, 0.744]]","[[0.363, 0.748], [0.361, 0.486]]"
"[[0.577, 0.466], [0.962, 0.109]]","[[0.742, 0.405], [0.784, 0.33]]"
"[[0.63, 0.817], [0.279, 0.815]]","[[0.815, 0.82], [0.299, 0.69]]"
"[[0.183, 0.141], [0.875, 0.469]]","[[0.74, 0.462], [0.611, 0.282]]"
"[[0.165, 0.232], [0.487, 0.736]]","[[0.041, 0.557], [0.205, 0.159]]"
"[[0.266, 0.207], [0.504, 0.636]]","[[0.726, 0.059], [0.638, 0.419]]"
"[[0.691, 0.959], [0.284, 0.257]]","[[0.264, 0.155], [0.309, 0.238]]"
"[[0.267, 0.081], [0.228, 0.624]]","[[0.285, 0.814], [0.473, 0.541]]"
"[[0.177, 0.077], [0.177, 0.286]]","[[0.207, 0.255], [0.535, 0.07]]"
"[[0.434, 0.929], [0.548, 0.772]]","[[0.243, 0.305], [0.674, 0.636]]"
"[[0.669, 0.212], [0.83, 0.78]]","[[0.933, 0.202], [0.051, 0.126]]"
"[[0.829, 0.847], [0.471, 0.789]]","[[0.254, 0.194], [0.197, 0.248]]"
"[[0.405, 0.798], [0.253, 0.038]]","[[0.327, 0.162], [0.539, 0.076]]"
"[[0.915, 0.677], [0.165, 0.983]]","[[0.424, 0.796], [0.93, 0.598]]"
"[[0.71, 0.152], [0.012, 0.993]]","[[0.647, 0.915], [0.235, 0.373]]"
"[[0.458, 0.483], [0.644, 0.703]]","[[0.007, 0.192], [0.777, 0.862]]"
"[[0.304, 0.522], [0.791, 0.533]]","[[0.333, 0.795], [0.786, 0.386]]"
"[[0.438, 0.504], [0.52, 0.792]]","[[0.875, 0.649], [0.125, 0.63]]"
"[[0.848, 0.696], [0.162, 0.077]]","[[0.173, 0.039], [0.59, 0.233]]"
"[[0.551, 0.777], [0.286, 0.824]]","[[0.797, 0.741], [0.94, 0.903]]"
"[[0.425, 0.423], [0.381, 0.389]]","[[0.967, 0.832], [0.903, 0.274]]"
"[[0.107, 0.596], [0.199, 0.274]]","[[0.107, 0.431], [1.0, 0.198]]"
"[[0.829, 0.473], [0.005, 0.856]]","[[0.528, 0.157], [0.033, 0.303]]"
"[[0.64, 0.671], [0.449, 0.493]]","[[0.311, 0.042], [0.393, 0.172]]"
"[[0.571, 0.282], [0.441, 0.562]]","[[0.341, 0.95], [0.868, 0.218]]"
"[[0.22, 0.896], [0.694, 0.675]]","[[0.295, 0.221], [0.562, 0.268]]"
"[[0.87, 0.836], [0.928, 0.813]]","[[0.484, 0.29], [0.845, 0.608]]"
"[[0.847, 0.034], [0.256, 0.882]]","[[0.682, 0.987], [0.053, 0.396]]"
"[[0.256, 0.165], [0.763, 0.743]]","[[0.595, 0.622], [0.183, 0.284]]"
"[[0.632, 0.934], [0.643, 0.684]]","[[0.162, 0.065], [0.86, 0.285]]"
"[[0.185, 0.916], [0.478, 0.527]]","[[0.338, 0.992], [0.351, 0.741]]"
"[[0.431, 0.498], [0.756, 0.309]]","[[0.885, 0.255], [0.973, 0.306]]"
"[[0.748, 0.745], [0.437, 0.087]]","[[0.618, 0.116], [0.041, 0.927]]"
"[[0.645, 0.404], [0.745, 0.846]]","[[0.632, 0.655], [0.588, 0.174]]"
"[[0.714, 0.531], [0.192, 0.533]]","[[0.532, 0.193], [0.293, 0.353]]"
"[[0.676, 0.403], [0.147, 0.759]]","[[0.925, 0.431], [0.329, 0.85]]"
"[[0.889, 0.527], [0.819, 0.276]]","[[0.833, 0.648], [0.21, 0.418]]"
"[[0.578, 0.787], [0.938, 0.791]]","[[0.554, 0.186], [0.676, 0.825]]"
"[[0.357, 0.867], [0.847, 0.123]]","[[0.15, 0.568], [0.198, 0.902]]"
"[[0.669, 0.756], [0.005, 0.261]]","[[0.464, 0.982], [0.913, 0.119]]"
"[[0.934, 0.312], [0.101, 0.149]]","[[0.711, 0.039], [0.389, 0.431]]"
"[[0.093, 0.696], [0.332, 0.454]]","[[0.29, 0.906], [0.159, 0.953]]"
"[[0.017, 0.304], [0.152, 0.898]]","[[0.906, 0.161], [0.758, 0.239]]"
"[[0.324, 0.242], [0.172, 0.579]]","[[0.737, 0.646], [0.875, 0.645]]"
"[[0.827, 0.451], [0.986, 0.107]]","[[0.079, 0.714], [0.42, 0.297]]"
"[[0.574, 0.738], [0.941, 0.631]]","[[0.075, 0.39], [0.84, 0.767]]"
"[[0.807, 0.428], [0.626, 0.152]]","[[0.634, 0.801], [0.534, 0.768]]"
"[[0.362, 0.198], [0.484, 0.256]]","[[0.105, 0.006], [0.078, 0.989]]"
"[[0.653, 0.11], [0.919, 0.547]]","[[0.071, 0.157], [0.127, 0.722]]"
"[[0.91, 0.33], [0.751, 0.433]]","[[0.694, 0.822], [0.894, 0.668]]"
"[[0.427, 0.22], [0.247, 0.909]]","[[0.905, 0.392], [0.209, 0.752]]"
"[[0.39, 0.456], [0.598, 0.659]]","[[0.545, 0.049], [0.775, 0.173]]"
"[[0.046, 0.365], [0.649, 0.309]]","[[0.546, 0.373], [0.534, 0.642]]"
"[[0.448, 0.951], [0.342, 0.863]]","[[0.135, 0.07], [0.899, 0.52]]"
"[[0.743, 0.938], [0.033, 0.722]]","[[0.844, 0.874], [0.015, 0.605]]"
"[[0.743, 0.622], [0.709, 0.896]]","[[0.35, 0.087], [0.081, 0.162]]"
"[[0.836, 0.848], [0.366, 0.834]]","[[0.586, 0.725], [0.284, 0.614]]"
"[[0.593, 0.244], [0.367, 0.875]]","[[0.585, 0.624], [0.82, 0.732]]"
"[[0.66, 0.094], [0.567, 0.339]]","[[0.594, 0.216], [0.196, 0.791]]"
"[[0.685, 0.993], [0.953, 0.634]]","[[0.385, 0.388], [0.007, 0.098]]"
"[[0.141, 0.656], [0.374, 0.155]]","[[0.627, 0.68], [0.478, 0.231]]"
"[[0.625, 0.222], [0.332, 0.781]]","[[0.789, 0.52], [0.251, 0.338]]"
"[[0.51, 0.724], [0.417, 0.075]]","[[0.921, 0.126], [0.473, 0.323]]"
"[[0.336, 0.639], [0.929, 0.787]]","[[0.843, 0.382], [0.685, 0.87]]"
"[[0.701, 0.107], [0.982, 0.731]]","[[0.119, 0.792], [0.688, 0.353]]"
"[[0.646, 0.285], [0.051, 0.986]]","[[0.356, 0.376], [0.343, 0.907]]"
"[[0.025, 0.355], [0.966, 0.653]]","[[0.44, 0.661], [0.005, 0.045]]"
"[[0.206, 0.648], [0.868, 0.115]]","[[0.494, 0.276], [0.045, 0.849]]"
"[[0.011, 0.807], [0.626, 0.582]]","[[0.579, 0.629], [0.86, 0.371]]"
"[[0.469, 0.227], [0.631, 0.072]]","[[0.398, 0.053], [0.287, 0.721]]"
"[[0.467, 0.628], [0.823, 0.152]]","[[0.375, 0.07], [0.815, 0.332]]"
"[[0.787, 0.166], [0.636, 0.356]]","[[0.942, 0.59], [0.237, 0.837]]"
"[[0.802, 0.075], [0.427, 0.189]]","[[0.723, 0.474], [0.551, 0.598]]"
"[[0.515, 0.749], [0.71, 0.529]]","[[0.589, 0.823], [0.859, 0.733]]"
"[[0.64, 0.332], [0.027, 0.047]]","[[0.666, 0.987], [0.732, 0.145]]"
"[[0.648, 0.475], [0.039, 0.022]]","[[0.585, 0.329], [0.214, 0.813]]"
"[[0.134, 0.656], [0.534, 0.282]]","[[0.742, 0.312], [0.333, 0.975]]"
"[[0.262, 0.234], [0.614, 0.443]]","[[0.993, 0.212], [0.988, 0.804]]"
"[[0.996, 0.419], [0.521, 0.066]]","[[0.806, 0.377], [0.671, 0.663]]"
"[[0.742, 0.771], [0.743, 0.903]]","[[0.168, 0.152], [0.227, 0.803]]"
"[[0.65, 0.989], [0.609, 0.052]]","[[0.316, 0.329], [0.526, 0.382]]"
"[[0.016, 0.526], [0.758, 0.582]]","[[0.224, 0.935], [0.376, 0.342]]"
"[[0.976, 0.707], [0.851, 0.904]]","[[0.064, 0.478], [0.29, 0.875]]"
"[[0.27, 0.874], [0.321, 0.074]]","[[0.977, 0.771], [0.842, 0.483]]"
"[[0.802, 0.437], [0.929, 0.317]]","[[0.272, 0.945], [0.981, 0.455]]"
"[[0.692, 0.055], [0.037, 0.168]]","[[0.236, 0.589], [0.515, 0.429]]"
"[[0.049, 0.829], [0.148, 0.406]]","[[0.838, 0.553], [0.373, 0.55]]"
"[[0.584, 0.117], [0.374, 0.134]]","[[0.692, 0.277], [0.268, 0.159]]"
"[[0.92, 0.966], [0.599, 0.223]]","[[0.773, 0.593], [0.847, 0.507]]"
"[[0.609, 0.754], [0.486, 0.516]]","[[0.915, 0.504], [0.187, 0.364]]"
"[[0.489, 0.686], [0.827, 0.901]]","[[0.312, 0.926], [0.768, 0.205]]"
"[[0.354, 0.294], [0.765, 0.516]]","[[0.717, 0.759], [0.834, 0.139]]"
"[[0.294, 0.595], [0.007, 0.997]]","[[0.36, 0.929], [0.43, 0.411]]"
"[[0.637, 0.291], [0.359, 0.815]]","[[0.162, 0.117], [0.414, 0.909]]"
"[[0.681, 0.562], [0.339, 0.552]]","[[0.287, 0.866], [0.545, 0.163]]"
"[[0.837, 0.834], [0.544, 0.923]]","[[0.837, 0.439], [0.898, 0.727]]"
"[[0.128, 0.322], [0.318, 0.204]]","[[0.962, 0.104], [0.094, 0.363]]"
"[[0.633, 0.6], [0.004, 0.639]]","[[0.485, 0.164], [0.716, 0.37]]"
"[[0.204, 0.468], [0.897, 0.338]]","[[0.527, 0.938], [0.489, 0.766]]"
"[[0.348, 0.962], [0.854, 0.423]]","[[0.925, 0.833], [0.099, 0.273]]"
"[[0.583, 0.365], [0.171, 0.84]]","[[0.969, 0.618], [0.029, 0.681]]"
"[[0.179, 0.485], [0.271, 0.411]]","[[0.333, 0.098], [0.408, 0.522]]"
"[[0.094, 0.713], [0.38, 0.371]]","[[0.806, 0.614], [0.231, 0.332]]"
"[[0.821, 0.351], [0.093, 0.132]]","[[0.435, 0.373], [0.94, 0.45]]"
"[[0.581, 0.028], [0.906, 0.873]]","[[0.121, 0.756], [0.649, 0.553]]"
"[[0.199, 0.131], [0.512, 0.691]]","[[0.79, 0.197], [0.944, 0.741]]"
"[[0.859, 0.13], [0.581, 0.622]]","[[0.747, 0.748], [0.186, 0.176]]"
"[[0.915, 0.701], [0.1, 0.872]]","[[0.611, 0.039], [0.047, 0.022]]"
"[[0.826, 0.883], [0.443, 0.292]]","[[0.939, 0.682], [0.197, 0.865]]"
"[[0.875, 0.144], [0.786, 0.058]]","[[0.6, 0.542], [0.042, 0.779]]"
"[[0.641, 0.492], [0.353, 0.427]]","[[0.743, 0.483], [0.62, 0.66]]"
"[[0.237, 0.336], [0.3, 0.324]]","[[0.538, 0.035], [0.522, 0.52]]"
"[[0.487, 0.049], [0.157, 0.442]]","[[0.693, 0.03], [0.014, 0.569]]"
"[[0.754, 0.644], [0.312, 0.684]]","[[0.873, 0.607], [0.048, 0.283]]"
"[[0.781, 0.676], [0.586, 0.832]]","[[0.252, 0.456], [0.522, 0.596]]"
"[[0.981, 0.235], [0.503, 0.953]]","[[0.454, 0.11], [0.444, 0.068]]"
"[[0.059, 0.209], [0.698, 0.974]]","[[0.533, 0.547], [0.433, 0.571]]"
"[[0.912, 0.845], [0.234, 0.165]]","[[0.074, 0.156], [0.877, 0.992]]"
"[[0.841, 0.892], [0.102, 0.977]]","[[0.494, 0.721], [0.756, 0.486]]"
"[[0.77, 0.712], [0.276, 0.401]]","[[0.874, 0.123], [0.105, 0.354]]"
"[[0.338, 0.858], [0.754, 0.865]]","[[0.638, 0.308], [0.558, 0.077]]"
"[[0.202, 0.781], [0.855, 0.144]]","[[0.786, 0.171], [0.828, 0.859]]"
"[[0.218, 0.746], [0.306, 0.423]]","[[0.222, 0.653], [0.662, 0.812]]"
"[[0.353, 0.095], [0.107, 0.898]]","[[0.948, 0.866], [0.407, 0.632]]"
"[[0.618, 0.469], [0.23, 0.488]]","[[0.782, 0.912], [0.216, 0.957]]"
"[[0.974, 0.138], [0.509, 0.29]]","[[0.041, 0.46], [0.638, 0.595]]"
"[[0.496, 0.812], [0.015, 0.282]]","[[0.137, 0.819], [0.224, 0.681]]"
"[[0.006, 0.261], [0.83, 0.552]]","[[0.368, 0.557], [0.454, 0.133]]"
"[[0.986, 0.625], [0.163, 0.289]]","[[0.194, 0.267], [0.962, 0.36]]"
"[[0.782, 0.534], [0.603, 0.97]]","[[0.472, 0.075], [0.797, 0.551]]"
"[[0.924, 0.189], [0.004, 0.836]]","[[0.678, 0.127], [0.509, 0.169]]"
"[[0.73, 0.109], [0.743, 0.679]]","[[0.777, 0.513], [0.801, 0.289]]"
"[[0.477, 0.612], [0.838, 0.412]]","[[0.36, 0.85], [0.115, 0.033]]"
"[[0.143, 0.539], [0.11, 0.129]]","[[0.672, 0.119], [0.651, 0.719]]"
"[[0.309, 0.952], [0.417, 0.731]]","[[0.914, 0.516], [0.553, 0.798]]"
"[[0.482, 0.406], [0.115, 0.532]]","[[0.759, 0.737], [0.522, 0.564]]"
"[[0.002, 0.247], [0.794, 0.325]]","[[0.803, 0.95], [0.857, 0.486]]"
"[[0.168, 0.224], [0.197, 0.057]]","[[0.544, 0.309], [0.726, 0.729]]"
"[[0.797, 0.507], [0.945, 0.357]]","[[0.75, 0.43], [0.112, 0.27]]"
"[[0.31, 0.216], [0.098, 0.068]]","[[0.339, 0.85], [0.731, 0.605]]"
"[[0.341, 0.906], [0.819, 0.917]]","[[0.009, 0.71], [0.753, 0.888]]"
"[[0.845, 0.553], [0.668, 0.77]]","[[0.658, 0.242], [0.813, 0.661]]"
"[[0.206, 0.756], [0.204, 0.911]]","[[0.482, 0.057], [0.504, 0.169]]"
"[[0.565, 0.408], [0.112, 0.97]]","[[0.386, 0.872], [0.78, 0.687]]"
"[[0.066, 0.968], [0.334, 0.984]]","[[0.545, 0.458], [0.625, 0.278]]"
"[[0.166, 0.559], [0.282, 0.808]]","[[0.651, 0.945], [0.188, 0.473]]"
"[[0.898, 0.778], [0.594, 0.491]]","[[0.593, 0.55], [0.977, 0.498]]"
"[[0.123, 0.39], [0.13, 0.152]]","[[0.161, 0.296], [0.669, 0.744]]"
"[[0.366, 0.098], [0.331, 0.035]]","[[0.265, 0.632], [0.451, 0.088]]"
"[[0.022, 0.522], [0.911, 0.409]]","[[0.7, 0.866], [0.768, 0.712]]"
"[[0.062, 0.255], [0.959, 0.31]]","[[0.066, 0.083], [0.762, 0.649]]"
"[[0.428, 0.82], [0.414, 0.555]]","[[0.54, 0.097], [0.952, 0.255]]"
"[[0.041, 0.605], [0.532, 0.48]]","[[0.447, 0.759], [0.956, 0.156]]"
"[[0.814, 0.202], [0.925, 0.593]]","[[0.125, 0.738], [0.176, 0.433]]"
"[[0.053, 0.842], [0.349, 0.534]]","[[0.697, 0.853], [0.084, 0.368]]"
"[[0.79, 0.017], [0.077, 0.791]]","[[0.327, 0.841], [0.829, 0.534]]"
"[[0.183, 0.384], [0.624, 0.945]]","[[0.831, 0.157], [0.476, 0.168]]"
"[[0.098, 0.515], [0.021, 0.851]]","[[0.52, 0.802], [0.35, 0.459]]"
"[[0.861, 0.783], [0.15, 0.198]]","[[0.516, 0.923], [0.9, 0.284]]"
"[[0.796, 0.535], [0.695, 0.502]]","[[0.688, 0.689], [0.603, 0.835]]"
"[[0.525, 0.992], [0.917, 0.649]]","[[0.303, 0.604], [0.189, 0.155]]"
"[[0.702, 0.925], [0.437, 0.053]]","[[0.436, 0.571], [0.574, 0.939]]"
"[[0.649, 0.311], [0.068, 0.009]]","[[0.982, 0.167], [0.235, 0.476]]"
"[[0.086, 0.799], [0.934, 0.853]]","[[0.401, 0.892], [0.437, 0.354]]"
"[[0.593, 0.99], [0.605, 0.165]]","[[0.094, 0.324], [0.022, 0.974]]"
"[[0.05, 0.859], [0.084, 0.561]]","[[0.942, 0.741], [0.094, 0.144]]"
"[[0.012, 0.623], [0.808, 0.155]]","[[0.711, 0.036], [0.357, 0.418]]"
"[[0.552, 0.966], [0.955, 0.554]]","[[0.158, 0.298], [0.655, 0.805]]"
"[[0.194, 0.52], [0.162, 0.134]]","[[0.554, 0.089], [0.74, 0.313]]"
"[[0.099, 0.028], [0.709, 0.396]]","[[0.826, 0.856], [0.414, 0.575]]"
"[[0.473, 0.437], [0.175, 0.292]]","[[0.407, 0.813], [0.528, 0.435]]"
"[[0.314, 0.508], [0.25, 0.594]]","[[0.274, 0.61], [0.476, 0.557]]"
"[[0.059, 0.987], [0.145, 0.38]]","[[0.689, 0.445], [0.532, 0.937]]"
"[[0.843, 0.662], [0.915, 0.2]]","[[0.888, 0.808], [0.187, 0.214]]"
"[[0.574, 0.269], [0.807, 0.183]]","[[0.566, 0.073], [0.451, 0.519]]"
"[[0.389, 0.898], [0.566, 0.856]]","[[0.337, 0.131], [0.09, 0.001]]"
"[[0.793, 0.327], [0.137, 0.518]]","[[0.968, 0.529], [0.567, 0.139]]"
"[[0.257, 0.409], [0.974, 0.572]]","[[0.179, 0.012], [0.553, 0.229]]"
"[[0.046, 0.717], [0.017, 0.475]]","[[0.438, 0.748], [0.421, 0.255]]"
"[[0.593, 0.735], [0.009, 0.634]]","[[0.347, 0.092], [0.86, 0.942]]"
"[[0.971, 0.274], [0.617, 0.607]]","[[0.131, 0.842], [0.948, 0.758]]"
"[[0.028, 0.271], [0.25, 0.694]]","[[0.882, 0.376], [0.661, 0.466]]"
"[[0.464, 0.415], [0.722, 0.465]]","[[0.242, 0.503], [0.851, 0.395]]"
"[[0.931, 0.478], [0.242, 0.516]]","[[0.904, 0.302], [0.498, 0.804]]"
"[[0.482, 0.727], [0.372, 0.34]]","[[0.076, 0.009], [0.428, 0.088]]"
"[[0.796, 0.366], [0.848, 0.047]]","[[0.696, 0.04], [0.716, 0.773]]"
"[[0.607, 0.062], [0.613, 0.604]]","[[0.159, 0.533], [0.519, 0.643]]"
"[[0.796, 0.733], [0.834, 0.014]]","[[0.494, 0.493], [0.87, 0.702]]"
"[[0.455, 0.993], [0.841, 0.487]]","[[0.877, 0.509], [0.09, 0.393]]"
"[[0.824, 0.368], [0.352, 0.39]]","[[0.665, 0.187], [0.203, 0.331]]"
"[[0.19, 0.818], [0.631, 0.255]]","[[0.33, 0.626], [0.69, 0.761]]"
"[[0.134, 0.668], [0.466, 0.735]]","[[0.928, 0.475], [0.674, 0.334]]"
"[[0.211, 0.435], [0.509, 0.745]]","[[0.997, 0.113], [0.206, 0.402]]"
"[[0.362, 0.621], [0.581, 0.719]]","[[0.634, 0.865], [0.366, 0.416]]"
"[[0.386, 0.354], [0.631, 0.585]]","[[0.075, 0.503], [0.939, 0.152]]"
"[[0.557, 0.057], [0.307, 0.535]]","[[0.981, 0.814], [0.004, 0.641]]"
"[[0.616, 0.103], [0.358, 0.798]]","[[0.995, 0.304], [0.479, 0.537]]"
"[[0.774, 0.29], [0.729, 0.878]]","[[0.387, 0.089], [0.495, 0.296]]"
"[[0.768, 0.706], [0.729, 0.971]]","[[0.511, 0.697], [0.24, 0.872]]"
"[[0.98, 0.435], [0.376, 0.883]]","[[0.256, 0.784], [0.409, 0.709]]"
"[[0.338, 0.626], [0.115, 0.029]]","[[0.796, 0.027], [0.711, 0.265]]"
"[[0.146, 0.436], [0.997, 0.846]]","[[0.846, 0.385], [0.375, 0.385]]"
"[[0.87, 0.431], [0.392, 0.313]]","[[0.03, 0.691], [0.218, 0.921]]"
"[[0.043, 0.874], [0.691, 0.259]]","[[0.776, 0.309], [0.634, 0.336]]"
"[[0.075, 0.772], [0.853, 0.686]]","[[0.47, 0.585], [0.533, 0.14]]"
"[[0.049, 0.34], [0.785, 0.651]]","[[0.474, 0.926], [0.788, 0.108]]"
"[[0.635, 0.636], [0.008, 0.636]]","[[0.883, 0.864], [0.672, 0.921]]"
"[[0.029, 0.7], [0.427, 0.373]]","[[0.637, 0.629], [0.203, 0.12]]"
"[[0.807, 0.695], [0.034, 0.923]]","[[0.27, 0.176], [0.419, 0.642]]"
"[[0.731, 0.427], [0.886, 0.453]]","[[0.063, 0.922], [0.485, 0.645]]"
"[[0.043, 0.867], [0.502, 0.068]]","[[0.18, 0.554], [0.2, 0.079]]"
"[[0.846, 0.166], [0.792, 0.253]]","[[0.404, 0.422], [0.309, 0.377]]"
"[[0.072, 0.531], [0.149, 0.524]]","[[0.507, 0.884], [0.859, 0.565]]"
"[[0.915, 0.278], [0.556, 0.022]]","[[0.248, 0.548], [0.975, 0.256]]"
"[[0.845, 0.739], [0.671, 0.685]]","[[0.87, 0.593], [0.19, 0.774]]"
"[[0.74, 0.669], [0.153, 0.419]]","[[0.119, 0.555], [0.618, 0.699]]"
"[[0.393, 0.349], [0.665, 0.371]]","[[0.471, 0.075], [0.513, 0.987]]"
"[[0.771, 0.341], [0.475, 0.654]]","[[0.428, 0.375], [0.276, 0.076]]"
"[[0.827, 0.77], [0.451, 0.828]]","[[0.595, 0.045], [0.889, 0.836]]"
"[[0.28, 0.371], [0.405, 0.844]]","[[0.538, 0.28], [0.044, 0.636]]"
"[[0.5, 0.534], [0.391, 0.513]]","[[0.268, 0.575], [0.265, 0.074]]"
"[[0.744, 0.932], [0.724, 0.857]]","[[0.893, 0.233], [0.678, 0.154]]"
"[[0.318, 0.149], [0.29, 0.403]]","[[0.249, 0.167], [0.936, 0.695]]"
"[[0.137, 0.288], [0.533, 0.26]]","[[0.702, 0.118], [0.224, 0.874]]"
"[[0.144, 0.83], [0.091, 0.535]]","[[0.416, 0.66], [0.965, 0.951]]"
"[[0.996, 0.589], [0.997, 0.372]]","[[0.148, 0.251], [0.026, 0.626]]"
"[[0.861, 0.413], [0.753, 0.254]]","[[0.713, 0.743], [0.716, 0.847]]"
"[[0.822, 0.894], [0.802, 0.824]]","[[0.881, 0.104], [0.032, 0.305]]"
"[[0.448, 0.302], [0.895, 0.722]]","[[0.347, 0.451], [0.427, 0.945]]"
"[[0.893, 0.763], [0.958, 0.907]]","[[0.429, 0.508], [0.051, 0.8]]"
"[[0.112, 0.833], [0.471, 0.805]]","[[0.093, 0.599], [0.08, 0.362]]"
"[[0.899, 0.333], [0.88, 0.278]]","[[0.832, 0.606], [0.627, 0.697]]"
"[[0.024, 0.064], [0.937, 0.404]]","[[0.222, 0.101], [0.791, 0.213]]"
"[[0.701, 0.263], [0.911, 0.725]]","[[0.774, 0.473], [0.841, 0.101]]"
"[[0.979, 0.664], [0.405, 0.766]]","[[0.217, 0.764], [0.356, 0.924]]"
"[[0.385, 0.281], [0.068, 0.457]]","[[0.702, 0.425], [0.185, 0.47]]"
"[[0.675, 0.182], [0.721, 0.382]]","[[0.524, 0.113], [0.965, 0.754]]"
"[[0.807, 0.562], [0.095, 0.199]]","[[0.948, 0.779], [0.229, 0.277]]"
"[[0.723, 0.64], [0.521, 0.214]]","[[0.407, 0.224], [0.608, 0.035]]"
"[[0.355, 0.592], [0.091, 0.838]]","[[0.772, 0.677], [0.041, 0.606]]"
"[[0.912, 0.979], [0.435, 0.8]]","[[0.648, 0.589], [0.324, 0.46]]"
"[[0.959, 0.405], [0.03, 0.694]]","[[0.285, 0.214], [0.183, 0.495]]"
"[[0.601, 0.459], [0.572, 0.4]]","[[0.942, 0.193], [0.313, 0.382]]"
"[[0.49, 0.622], [0.458, 0.23]]","[[0.761, 0.722], [0.17, 0.913]]"
"[[0.278, 0.116], [0.048, 0.113]]","[[0.845, 0.583], [0.309, 0.923]]"
"[[0.05, 0.168], [0.095, 0.589]]","[[0.48, 0.86], [0.85, 0.971]]"
"[[0.512, 0.822], [0.804, 0.797]]","[[0.213, 0.447], [0.469, 0.96]]"
"[[0.459, 0.256], [0.439, 0.502]]","[[0.139, 0.06], [0.979, 0.142]]"
"[[0.018, 0.856], [0.287, 0.681]]","[[0.462, 0.821], [0.744, 0.873]]"
"[[0.038, 0.675], [0.806, 0.744]]","[[0.928, 0.986], [0.412, 0.131]]"
"[[0.073, 0.952], [0.789, 0.282]]","[[0.979, 0.853], [0.733, 0.567]]"
"[[0.501, 0.392], [0.967, 0.626]]","[[0.825, 0.249], [0.223, 0.476]]"
"[[0.683, 0.313], [0.204, 0.94]]","[[0.939, 0.584], [0.714, 0.126]]"
"[[0.168, 0.159], [0.34, 0.753]]","[[0.761, 0.501], [0.417, 0.928]]"
"[[0.659, 0.563], [0.573, 0.453]]","[[0.696, 0.662], [0.673, 0.112]]"
"[[0.42, 0.021], [0.376, 0.771]]","[[0.233, 0.367], [0.097, 0.278]]"
"[[0.091, 0.857], [0.796, 0.064]]","[[0.13, 0.22], [0.783, 0.404]]"
"[[0.341, 0.637], [0.001, 0.887]]","[[0.755, 0.103], [0.155, 0.802]]"
"[[0.133, 0.054], [0.225, 0.336]]","[[0.779, 0.983], [0.8, 0.775]]"
"[[0.762, 0.979], [0.35, 0.626]]","[[0.707, 0.735], [0.323, 0.884]]"
"[[0.026, 0.448], [0.947, 0.91]]","[[0.608, 0.386], [0.991, 0.485]]"
"[[0.72, 0.903], [0.65, 0.38]]","[[0.664, 0.704], [0.468, 0.782]]"
"[[0.888, 0.099], [0.028, 0.474]]","[[0.661, 0.112], [0.986, 0.817]]"
"[[0.923, 0.737], [0.844, 0.106]]","[[0.795, 0.778], [0.638, 0.33]]"
"[[0.385, 0.752], [0.893, 0.648]]","[[0.033, 0.746], [0.914, 0.337]]"
"[[0.92, 0.887], [0.298, 0.934]]","[[0.463, 0.741], [0.827, 0.445]]"
"[[0.481, 0.105], [0.641, 0.482]]","[[0.72, 0.145], [0.509, 0.175]]"
"[[0.828, 0.362], [0.219, 0.742]]","[[0.531, 0.918], [0.938, 0.415]]"
"[[0.181, 0.479], [0.255, 0.066]]","[[0.707, 0.494], [0.184, 0.874]]"
"[[0.925, 0.39], [0.892, 0.123]]","[[0.554, 0.85], [0.332, 0.364]]"
"[[0.687, 0.87], [0.169, 0.677]]","[[0.433, 0.622], [0.362, 0.429]]"
"[[0.506, 0.597], [0.831, 0.954]]","[[0.084, 0.259], [0.885, 0.808]]"
"[[0.772, 0.606], [0.93, 0.282]]","[[0.584, 0.152], [0.563, 0.018]]"
"[[0.986, 0.885], [0.449, 0.636]]","[[0.828, 0.948], [0.566, 0.471]]"
"[[0.504, 0.821], [0.178, 0.115]]","[[0.488, 0.669], [0.641, 0.313]]"
"[[0.011, 0.931], [0.237, 0.592]]","[[0.997, 0.457], [0.195, 0.263]]"
"[[0.279, 0.01], [0.461, 0.92]]","[[0.391, 0.705], [0.885, 0.958]]"
"[[0.615, 0.291], [0.382, 0.841]]","[[0.241, 0.62], [0.687, 0.113]]"
"[[0.908, 0.861], [0.437, 0.401]]","[[0.459, 0.307], [0.823, 0.229]]"
"[[0.184, 0.296], [0.589, 0.634]]","[[0.3, 0.03], [0.327, 0.127]]"
"[[0.63, 0.783], [0.676, 0.746]]","[[0.494, 0.828], [0.252, 0.6]]"
"[[0.811, 0.183], [0.394, 0.933]]","[[0.352, 0.127], [0.747, 0.235]]"
"[[0.898, 0.96], [0.399, 0.743]]","[[0.152, 0.569], [0.845, 0.512]]"
"[[0.545, 0.799], [0.136, 0.271]]","[[0.073, 0.835], [0.384, 0.165]]"
"[[0.951, 0.4], [0.482, 0.515]]","[[0.416, 0.157], [0.339, 0.531]]"
"[[0.168, 0.626], [0.373, 0.966]]","[[0.107, 0.303], [0.73, 0.116]]"
"[[0.982, 0.457], [0.494, 0.416]]","[[0.097, 0.315], [0.128, 0.676]]"
"[[0.47, 0.54], [0.394, 0.245]]","[[0.649, 0.754], [0.061, 0.838]]"
"[[0.533, 0.722], [0.768, 0.716]]","[[0.764, 0.782], [0.991, 0.4]]"
"[[0.832, 0.562], [0.704, 0.762]]","[[0.903, 0.912], [0.975, 0.164]]"
"[[0.926, 0.411], [0.792, 0.65]]","[[0.219, 0.473], [0.255, 0.95]]"
"[[0.115, 0.697], [0.489, 0.624]]","[[0.884, 0.98], [0.273, 0.482]]"
"[[0.607, 0.064], [0.126, 0.892]]","[[0.242, 0.596], [0.844, 0.041]]"
"[[0.164, 0.802], [0.747, 0.362]]","[[0.051, 0.193], [0.614, 0.523]]"
"[[0.691, 0.036], [0.783, 0.063]]","[[0.254, 0.006], [0.428, 0.609]]"
"[[0.616, 0.766], [0.841, 0.541]]","[[0.022, 0.786], [0.758, 0.322]]"
"[[0.088, 0.009], [0.407, 0.619]]","[[0.403, 0.944], [0.252, 0.07]]"
"[[0.596, 0.296], [0.157, 0.352]]","[[0.631, 0.591], [0.839, 0.812]]"
"[[0.509, 0.433], [0.067, 0.64]]","[[0.765, 0.895], [0.24, 0.628]]"
"[[0.477, 0.64], [0.593, 0.276]]","[[0.393, 0.877], [0.39, 0.429]]"
"[[0.656, 0.835], [0.213, 0.014]]","[[0.278, 0.825], [0.467, 0.57]]"
"[[0.158, 0.449], [0.86, 0.828]]","[[0.035, 0.314], [0.452, 0.154]]"
"[[0.051, 0.485], [0.412, 0.249]]","[[0.808, 0.649], [0.189, 0.26]]"
"[[0.138, 0.575], [0.51, 0.189]]","[[0.846, 0.154], [0.245, 0.208]]"
"[[0.367, 0.03], [0.692, 0.023]]","[[0.975, 0.625], [0.439, 0.128]]"
"[[0.738, 0.537], [0.845, 0.123]]","[[0.263, 0.232], [0.963, 0.911]]"
"[[0.694, 0.716], [0.731, 0.586]]","[[0.752, 0.984], [0.703, 0.173]]"
"[[0.575, 0.196], [0.12, 0.887]]","[[0.24, 0.937], [0.544, 0.765]]"
"[[0.662, 0.514], [0.333, 0.827]]","[[0.958, 0.762], [0.148, 0.047]]"
"[[0.498, 0.202], [0.485, 0.522]]","[[0.715, 0.973], [0.236, 0.483]]"
"[[0.382, 0.557], [0.879, 0.56]]","[[0.776, 0.574], [0.787, 0.603]]"
"[[0.3, 0.838], [0.955, 0.23]]","[[0.68, 0.881], [0.128, 0.758]]"
"[[0.849, 0.776], [0.831, 0.011]]","[[0.138, 0.015], [0.057, 0.951]]"
"[[0.257, 0.403], [0.337, 0.488]]","[[0.674, 0.755], [0.938, 0.886]]"
"[[0.045, 0.426], [0.038, 0.187]]","[[0.551, 0.755], [0.666, 0.096]]"
"[[0.754, 0.089], [0.985, 0.629]]","[[0.581, 0.819], [0.113, 0.718]]"
"[[0.545, 0.295], [0.635, 0.997]]","[[0.525, 0.193], [0.938, 0.315]]"
"[[0.749, 0.466], [0.571, 0.467]]","[[0.546, 0.02], [0.388, 0.621]]"
"[[0.193, 0.972], [0.866, 0.952]]","[[0.57, 0.523], [0.296, 0.256]]"
"[[0.285, 0.186], [0.113, 0.284]]","[[0.721, 0.825], [0.247, 0.609]]"
"[[0.663, 0.073], [0.705, 0.616]]","[[0.214, 0.703], [0.197, 0.099]]"
"[[0.735, 0.561], [0.021, 0.855]]","[[0.047, 0.941], [0.804, 0.555]]"
"[[0.578, 0.354], [0.404, 0.741]]","[[0.246, 0.47], [0.195, 0.102]]"
"[[0.969, 0.716], [0.585, 0.81]]","[[0.567, 0.327], [0.612, 0.416]]"
"[[0.088, 0.84], [0.431, 0.663]]","[[0.021, 0.411], [0.747, 0.352]]"
"[[0.304, 0.744], [0.412, 0.323]]","[[0.773, 0.497], [0.123, 0.654]]"
"[[0.441, 0.89], [0.403, 0.661]]","[[0.046, 0.896], [0.774, 0.699]]"
"[[0.852, 0.474], [0.829, 0.009]]","[[0.167, 0.564], [0.09, 0.973]]"
"[[0.278, 0.921], [0.643, 0.891]]","[[0.229, 0.918], [0.68, 0.925]]"
"[[0.175, 0.39], [0.477, 0.169]]","[[0.348, 0.942], [0.552, 0.397]]"
"[[0.136, 0.308], [0.549, 0.381]]","[[0.671, 0.088], [0.97, 0.023]]"
"[[0.474, 0.369], [0.88, 0.69]]","[[0.103, 0.112], [0.868, 0.584]]"
"[[0.591, 0.626], [0.448, 0.288]]","[[0.965, 0.564], [0.184, 0.095]]"
"[[0.835, 0.744], [0.623, 0.692]]","[[0.88, 0.091], [0.911, 0.827]]"
"[[0.977, 0.558], [0.7, 0.656]]","[[0.131, 0.504], [0.814, 0.893]]"
"[[0.213, 0.72], [0.688, 0.074]]","[[0.795, 0.707], [0.863, 0.128]]"
"[[0.456, 0.908], [0.292, 0.588]]","[[0.553, 0.6], [0.462, 0.362]]"
"[[0.777, 0.399], [0.393, 0.621]]","[[0.755, 0.023], [0.66, 0.152]]"
"[[0.546, 0.896], [0.78, 0.514]]","[[0.713, 0.07], [0.289, 0.251]]"
"[[0.643, 0.689], [0.854, 0.858]]","[[0.669, 0.666], [0.942, 0.247]]"
"[[0.608, 0.07], [0.203, 0.609]]","[[0.132, 0.421], [0.209, 0.38]]"
"[[0.328, 0.45], [0.766, 0.092]]","[[0.631, 0.837], [0.217, 0.911]]"
"[[0.038, 0.215], [0.223, 0.408]]","[[0.001, 0.986], [0.507, 0.361]]"
"[[0.631, 0.96], [0.297, 0.951]]","[[0.953, 0.523], [0.522, 0.13]]"
"[[0.695, 0.945], [0.077, 0.149]]","[[0.786, 0.018], [0.37, 0.711]]"
"[[0.48, 0.496], [0.55, 0.899]]","[[0.268, 0.199], [0.204, 0.556]]"
"[[0.971, 0.426], [0.706, 0.219]]","[[0.043, 0.358], [0.145, 0.354]]"
"[[0.17, 0.332], [0.495, 0.195]]","[[0.531, 0.514], [0.942, 0.459]]"
"[[0.607, 0.795], [0.337, 0.133]]","[[0.473, 0.065], [0.65, 0.656]]"
"[[0.233, 0.987], [0.639, 0.882]]","[[0.136, 0.209], [0.807, 0.373]]"
"[[0.491, 0.503], [0.577, 0.548]]","[[0.44, 0.925], [0.974, 0.114]]"
"[[0.746, 0.366], [0.592, 0.291]]","[[0.638, 0.675], [0.627, 0.103]]"
"[[0.011, 0.322], [0.022, 0.005]]","[[0.917, 0.489], [0.093, 0.796]]"
"[[0.91, 0.303], [0.183, 0.722]]","[[0.366, 0.551], [0.283, 0.658]]"
"[[0.17, 0.604], [0.01, 0.347]]","[[0.373, 0.622], [0.879, 0.854]]"
"[[0.378, 0.099], [0.359, 0.012]]","[[0.244, 0.616], [0.614, 0.804]]"
"[[0.352, 0.357], [0.146, 0.487]]","[[0.019, 0.621], [0.793, 0.969]]"
"[[0.013, 0.152], [0.559, 0.347]]","[[0.374, 0.813], [0.062, 0.615]]"
"[[0.749, 0.759], [0.914, 0.15]]","[[0.584, 0.384], [0.566, 0.076]]"
"[[0.384, 0.419], [0.379, 0.617]]","[[0.396, 0.528], [0.904, 0.798]]"
"[[0.579, 0.123], [0.39, 0.829]]","[[0.003, 0.758], [0.873, 0.705]]"
"[[0.126, 0.044], [0.121, 0.149]]","[[0.882, 0.211], [0.529, 0.671]]"
"[[0.13, 0.823], [0.346, 0.145]]","[[0.654, 0.03], [0.905, 0.945]]"
"[[0.48, 0.92], [0.454, 0.665]]","[[0.318, 0.601], [0.947, 0.06]]"
"[[0.118, 0.793], [0.626, 0.046]]","[[0.287, 0.541], [0.593, 0.064]]"
"[[0.591, 0.653], [0.266, 0.812]]","[[0.899, 0.893], [0.405, 0.426]]"
"[[0.233, 0.514], [0.152, 0.777]]","[[0.122, 0.571], [0.541, 0.587]]"
"[[0.684, 0.383], [0.15, 0.745]]","[[0.441, 0.575], [0.36, 0.486]]"
"[[0.476, 0.946], [0.829, 0.19]]","[[0.103, 0.161], [0.035, 0.38]]"
"[[0.514, 0.867], [0.934, 0.521]]","[[0.899, 0.136], [0.468, 0.009]]"
"[[0.07, 0.925], [0.467, 0.995]]","[[0.246, 0.779], [0.377, 0.682]]"
"[[0.921, 0.051], [0.212, 0.553]]","[[0.924, 0.729], [0.73, 0.62]]"
"[[0.591, 0.978], [0.225, 0.103]]","[[0.56, 0.59], [0.01, 0.924]]"
"[[0.337, 0.085], [0.004, 0.054]]","[[0.993, 0.589], [0.995, 0.354]]"
"[[0.498, 0.161], [0.824, 0.261]]","[[0.408, 0.018], [0.968, 0.073]]"
"[[0.766, 0.379], [0.696, 0.966]]","[[0.272, 0.506], [0.222, 0.267]]"
"[[0.817, 0.553], [0.943, 0.287]]","[[0.118, 0.126], [0.96, 0.01]]"
"[[0.804, 0.214], [0.283, 0.078]]","[[0.88, 0.354], [0.63, 0.963]]"
"[[0.821, 0.68], [0.941, 0.528]]","[[0.161, 0.196], [0.123, 0.804]]"
"[[0.493, 0.949], [0.5, 0.829]]","[[0.81, 0.802], [0.083, 0.643]]"
"[[0.333, 0.503], [0.596, 0.049]]","[[0.111, 0.55], [0.868, 0.744]]"
"[[0.51, 0.383], [0.937, 0.661]]","[[0.288, 0.608], [0.07, 0.731]]"
"[[0.472, 0.782], [0.96, 0.494]]","[[0.142, 0.481], [0.102, 0.836]]"
"[[0.669, 0.309], [0.175, 0.096]]","[[0.704, 0.808], [0.061, 0.274]]"
"[[0.832, 0.902], [0.363, 0.168]]","[[0.766, 0.098], [0.821, 0.332]]"
"[[0.042, 0.015], [0.619, 0.819]]","[[0.419, 0.225], [0.927, 0.954]]"
"[[0.796, 0.966], [0.351, 0.334]]","[[0.375, 0.361], [0.713, 0.014]]"
"[[0.044, 0.463], [0.139, 0.521]]","[[0.637, 0.746], [0.139, 0.547]]"
"[[0.996, 0.661], [0.568, 0.573]]","[[0.558, 0.331], [0.207, 0.711]]"
"[[0.431, 0.489], [0.266, 0.629]]","[[0.799, 0.607], [0.598, 0.494]]"
"[[0.155, 0.22], [0.289, 0.128]]","[[0.335, 0.336], [0.573, 0.438]]"
"[[0.282, 0.374], [0.235, 0.069]]","[[0.478, 0.583], [0.685, 0.415]]"
"[[0.317, 0.866], [0.137, 0.035]]","[[0.916, 0.506], [0.081, 0.422]]"
"[[0.684, 0.701], [0.355, 0.872]]","[[0.947, 0.048], [0.974, 0.696]]"
"[[0.072, 0.811], [0.441, 0.253]]","[[0.053, 0.453], [0.374, 0.129]]"
"[[0.459, 0.539], [0.018, 0.106]]","[[0.437, 0.908], [0.341, 0.329]]"
"[[0.93, 0.58], [0.321, 0.739]]","[[0.978, 0.802], [0.067, 0.904]]"
"[[0.625, 0.748], [0.276, 0.56]]","[[0.613, 0.931], [0.34, 0.1]]"
"[[0.123, 0.477], [0.895, 0.576]]","[[0.269, 0.679], [0.351, 0.001]]"
"[[0.246, 0.192], [0.399, 0.094]]","[[0.138, 0.375], [0.63, 0.714]]"
"[[0.839, 0.323], [0.971, 0.528]]","[[0.673, 0.239], [0.644, 0.472]]"
"[[0.65, 0.343], [0.245, 0.703]]","[[0.875, 0.161], [0.278, 0.838]]"
"[[0.03, 0.906], [0.1, 0.89]]","[[0.674, 0.491], [0.963, 0.695]]"
"[[0.227, 0.018], [0.026, 0.092]]","[[0.781, 0.178], [0.767, 0.233]]"
"[[0.123, 0.509], [0.248, 0.038]]","[[0.528, 0.539], [0.327, 0.869]]"
"[[0.338, 0.224], [0.503, 0.442]]","[[0.571, 0.213], [0.14, 0.252]]"
"[[0.946, 0.517], [0.22, 0.963]]","[[0.653, 0.935], [0.641, 0.282]]"
"[[0.534, 0.979], [0.589, 0.871]]","[[0.086, 0.372], [0.041, 0.659]]"
"[[0.22, 0.991], [0.158, 0.507]]","[[0.432, 0.406], [0.644, 0.811]]"
"[[0.063, 0.977], [0.976, 0.537]]","[[0.753, 0.512], [0.903, 0.583]]"
"[[0.663, 0.67], [0.603, 0.369]]","[[0.922, 0.726], [0.901, 0.442]]"
"[[0.485, 0.53], [0.712, 0.159]]","[[0.173, 0.957], [0.255, 0.528]]"
"[[0.799, 0.126], [0.709, 0.841]]","[[0.604, 0.999], [0.82, 0.65]]"
"[[0.882, 0.284], [0.117, 0.161]]","[[0.959, 0.983], [0.278, 0.79]]"
"[[0.462, 0.478], [0.939, 0.292]]","[[0.823, 0.901], [0.737, 0.156]]"
"[[0.466, 0.421], [0.894, 0.616]]","[[0.461, 0.28], [0.66, 0.94]]"
"[[0.994, 0.051], [0.929, 0.34]]","[[0.116, 0.14], [0.206, 0.01]]"
"[[0.892, 0.008], [0.133, 0.238]]","[[0.78, 0.166], [0.015, 0.544]]"
"[[0.36, 0.663], [0.937, 0.307]]","[[0.533, 0.649], [0.664, 0.251]]"
"[[0.31, 0.737], [0.861, 0.239]]","[[0.018, 0.308], [0.963, 0.081]]"
"[[0.639, 0.097], [0.923, 0.241]]","[[0.087, 0.524], [0.291, 0.606]]"
"[[0.514, 0.102], [0.171, 0.921]]","[[0.235, 0.437], [0.243, 0.882]]"
"[[0.174, 0.671], [0.983, 0.919]]","[[0.202, 0.227], [0.684, 0.609]]"
"[[0.865, 0.576], [0.134, 0.174]]","[[0.231, 0.862], [0.945, 0.93]]"
"[[0.944, 0.752], [0.411, 0.494]]","[[0.639, 0.627], [0.981, 0.557]]"
"[[0.586, 0.561], [0.198, 0.397]]","[[0.583, 0.297], [0.908, 0.261]]"
"[[0.326, 0.003], [0.744, 0.132]]","[[0.653, 0.943], [0.767, 0.485]]"
"[[0.33, 0.245], [0.25, 0.395]]","[[0.063, 0.395], [0.175, 0.326]]"
"[[0.484, 0.863], [0.42, 0.583]]","[[0.871, 0.873], [0.206, 0.809]]"
"[[0.665, 0.213], [0.597, 0.934]]","[[0.059, 0.71], [0.149, 0.715]]"
"[[0.089, 0.584], [0.284, 0.232]]","[[0.246, 0.859], [0.966, 0.982]]"
"[[0.722, 0.825], [0.338, 0.13]]","[[0.432, 0.446], [0.893, 0.85]]"
"[[0.166, 0.771], [0.778, 0.918]]","[[0.569, 0.626], [0.728, 0.95]]"
"[[0.659, 0.198], [0.371, 0.307]]","[[0.08, 0.273], [0.966, 0.861]]"
"[[0.986, 0.051], [0.565, 0.746]]","[[0.735, 0.818], [0.387, 0.992]]"
"[[0.408, 0.291], [0.466, 0.245]]","[[0.652, 0.377], [0.108, 0.016]]"
"[[0.325, 0.856], [0.561, 0.079]]","[[0.224, 0.596], [0.915, 0.496]]"
"[[0.627, 0.962], [0.803, 0.296]]","[[0.622, 0.897], [0.247, 0.754]]"
"[[0.453, 0.997], [0.228, 0.615]]","[[0.18, 0.375], [0.378, 0.019]]"
"[[0.253, 0.345], [0.323, 0.045]]","[[0.322, 0.742], [0.6, 0.973]]"
"[[0.936, 0.337], [0.673, 0.085]]","[[0.093, 0.061], [0.307, 0.262]]"
"[[0.476, 0.336], [0.146, 0.316]]","[[0.646, 0.775], [0.389, 0.377]]"
"[[0.133, 0.146], [0.619, 0.512]]","[[0.63, 0.013], [0.125, 0.803]]"
"[[0.096, 0.603], [0.91, 0.549]]","[[0.394, 0.1], [0.934, 0.772]]"
"[[0.216, 0.044], [0.376, 0.648]]","[[0.861, 0.344], [0.094, 0.068]]"
"[[0.631, 0.467], [0.049, 0.164]]","[[0.036, 0.311], [0.856, 0.061]]"
"[[0.391, 0.606], [0.529, 0.581]]","[[0.983, 0.532], [0.667, 0.43]]"
"[[0.631, 0.947], [0.877, 0.501]]","[[0.967, 0.714], [0.636, 0.774]]"
"[[0.603, 0.477], [0.726, 0.386]]","[[0.814, 0.469], [0.558, 0.674]]"
"[[0.096, 0.591], [0.381, 0.052]]","[[0.996, 0.354], [0.724, 0.251]]"
"[[0.573, 0.8], [0.678, 0.356]]","[[0.228, 0.747], [0.594, 0.207]]"
"[[0.187, 0.809], [0.915, 0.177]]","[[0.085, 0.772], [0.39, 0.782]]"
"[[0.014, 0.518], [0.875, 0.24]]","[[0.87, 0.888], [0.543, 0.369]]"
"[[0.192, 0.596], [0.194, 0.416]]","[[0.102, 0.955], [0.876, 0.197]]"
"[[0.449, 0.757], [0.613, 0.436]]","[[0.995, 0.696], [0.202, 0.175]]"
"[[0.726, 0.329], [0.445, 0.474]]","[[0.313, 0.142], [0.398, 0.379]]"
"[[0.101, 0.772], [0.543, 0.785]]","[[0.475, 0.57], [0.527, 0.755]]"
"[[0.21, 0.007], [0.902, 0.214]]","[[0.708, 0.276], [0.314, 0.616]]"
"[[0.293, 0.623], [0.303, 0.314]]","[[0.143, 0.145], [0.635, 0.173]]"
"[[0.67, 0.283], [0.614, 0.132]]","[[0.267, 0.931], [0.02, 0.272]]"
"[[0.987, 0.734], [0.282, 0.399]]","[[0.212, 0.189], [0.058, 0.659]]"
"[[0.341, 0.09], [0.71, 0.881]]","[[0.931, 0.995], [0.77, 0.94]]"
"[[0.712, 0.139], [0.23, 0.618]]","[[0.789, 0.211], [0.297, 0.34]]"
"[[0.927, 0.239], [0.734, 0.984]]","[[0.37, 0.775], [0.983, 0.685]]"
"[[0.826, 0.016], [0.867, 0.935]]","[[0.631, 0.896], [0.623, 0.528]]"
"[[0.875, 0.52], [0.669, 0.724]]","[[0.291, 0.595], [0.242, 0.987]]"
"[[0.618, 0.811], [0.223, 0.625]]","[[0.784, 0.421], [0.272, 0.975]]"
"[[0.606, 0.279], [0.101, 0.486]]","[[0.771, 0.542], [0.219, 0.356]]"
"[[0.931, 0.428], [0.018, 0.953]]","[[0.077, 0.571], [0.768, 0.942]]"
"[[0.628, 0.261], [0.194, 0.558]]","[[0.737, 0.442], [0.787, 0.443]]"
"[[0.546, 0.269], [0.238, 0.364]]","[[0.227, 0.059], [0.921, 0.049]]"
"[[0.27, 0.054], [0.952, 0.5]]","[[0.388, 0.935], [0.331, 0.954]]"
"[[0.097, 0.246], [0.253, 0.374]]","[[0.194, 0.766], [0.622, 0.067]]"
"[[0.245, 0.878], [0.307, 0.638]]","[[0.068, 0.652], [0.958, 0.816]]"
"[[0.822, 0.371], [0.598, 0.393]]","[[0.331, 0.931], [0.031, 0.759]]"
"[[0.703, 0.91], [0.134, 0.149]]","[[0.189, 0.269], [0.149, 0.377]]"
"[[0.883, 0.637], [0.864, 0.112]]","[[0.474, 0.384], [0.228, 0.508]]"
"[[0.373, 0.371], [0.325, 0.807]]","[[0.744, 0.236], [0.981, 0.165]]"
"[[0.829, 0.668], [0.404, 0.912]]","[[0.938, 0.62], [0.283, 0.238]]"
"[[0.289, 0.763], [0.869, 0.895]]","[[0.375, 0.877], [0.789, 0.104]]"
"[[0.042, 0.96], [0.802, 0.557]]","[[0.719, 0.752], [0.015, 0.777]]"
"[[0.232, 0.643], [0.648, 0.524]]","[[0.869, 0.811], [0.146, 0.591]]"
"[[0.731, 0.718], [0.148, 0.458]]","[[0.558, 0.514], [0.383, 0.379]]"
"[[0.001, 0.904], [0.611, 0.894]]","[[0.461, 0.909], [0.976, 0.382]]"
"[[0.794, 0.103], [0.462, 0.343]]","[[0.53, 0.845], [0.577, 0.531]]"
"[[0.1, 0.057], [0.274, 0.445]]","[[0.594, 0.603], [0.18, 0.703]]"
"[[0.104, 0.733], [0.003, 0.583]]","[[0.64, 0.582], [0.532, 0.607]]"
"[[0.035, 0.711], [0.066, 0.218]]","[[0.791, 0.733], [0.01, 0.069]]"
"[[0.57, 0.788], [0.277, 0.03]]","[[0.756, 0.867], [0.419, 0.643]]"
"[[0.581, 0.406], [0.0, 0.54]]","[[0.947, 0.113], [0.326, 0.585]]"
"[[0.147, 0.321], [0.565, 0.739]]","[[0.65, 0.876], [0.458, 0.772]]"
"[[0.783, 0.564], [0.784, 0.338]]","[[0.944, 0.355], [0.627, 0.937]]"
"[[0.679, 0.346], [0.686, 0.402]]","[[0.742, 0.968], [0.258, 0.159]]"
"[[0.867, 0.018], [0.872, 0.666]]","[[0.917, 0.63], [0.032, 0.228]]"
"[[0.213, 0.551], [0.728, 0.705]]","[[0.644, 0.147], [0.105, 0.088]]"
"[[0.474, 0.637], [0.579, 0.302]]","[[0.145, 0.72], [0.572, 0.179]]"
"[[0.691, 0.958], [0.744, 0.473]]","[[0.908, 0.204], [0.15, 0.097]]"
"[[0.311, 0.353], [0.899, 0.092]]","[[0.17, 0.084], [0.848, 0.127]]"
"[[0.603, 0.82], [0.778, 0.954]]","[[0.298, 0.324], [0.642, 0.749]]"
"[[0.589, 0.271], [0.866, 0.335]]","[[0.664, 0.457], [0.864, 0.999]]"
"[[0.36, 0.965], [0.144, 0.819]]","[[0.292, 0.409], [0.154, 0.37]]"
"[[0.828, 0.261], [0.166, 0.08]]","[[0.946, 0.273], [0.349, 0.445]]"
"[[0.919, 0.201], [0.083, 0.083]]","[[0.391, 0.226], [0.222, 0.025]]"
"[[0.063, 0.617], [0.415, 0.54]]","[[0.079, 0.565], [0.993, 0.664]]"
"[[0.427, 0.5], [0.3, 0.173]]","[[0.585, 0.02], [0.653, 0.713]]"
"[[0.309, 0.852], [0.576, 0.668]]","[[0.157, 0.352], [0.215, 0.263]]"
"[[0.307, 0.366], [0.853, 0.386]]","[[0.585, 0.27], [0.74, 0.662]]"
"[[0.003, 0.066], [0.968, 0.426]]","[[0.78, 0.559], [0.764, 0.864]]"
"[[0.924, 0.662], [0.289, 0.099]]","[[0.586, 0.282], [0.37, 0.998]]"
"[[0.049, 0.091], [0.286, 0.558]]","[[0.653, 0.562], [0.77, 0.888]]"
"[[0.158, 0.336], [0.958, 0.525]]","[[0.533, 0.816], [0.173, 0.901]]"
"[[0.672, 0.401], [0.804, 0.101]]","[[0.331, 0.339], [0.369, 0.547]]"
"[[0.044, 0.476], [0.538, 0.684]]","[[0.13, 0.06], [0.647, 0.497]]"
"[[0.509, 0.813], [0.708, 0.741]]","[[0.867, 0.15], [0.122, 0.295]]"
"[[0.324, 0.233], [0.076, 0.449]]","[[0.691, 0.598], [0.008, 0.843]]"
"[[0.057, 0.273], [0.024, 0.207]]","[[0.2, 0.153], [0.772, 0.301]]"
"[[0.242, 0.685], [0.01, 0.219]]","[[0.062, 0.344], [0.118, 0.809]]"
"[[0.553, 0.673], [0.469, 0.645]]","[[0.61, 0.963], [0.66, 0.584]]"
"[[0.121, 0.9], [0.012, 0.901]]","[[0.422, 0.435], [0.485, 0.792]]"
"[[0.846, 0.36], [0.647, 0.749]]","[[0.638, 0.347], [0.716, 0.946]]"
"[[0.269, 0.054], [0.145, 0.718]]","[[0.556, 0.087], [0.509, 0.173]]"
"[[0.702, 0.525], [0.293, 0.66]]","[[0.93, 0.991], [0.147, 0.544]]"
"[[0.727, 0.922], [0.165, 0.038]]","[[0.017, 0.184], [0.785, 0.823]]"
"[[0.07, 0.519], [0.669, 0.888]]","[[0.083, 0.62], [0.16, 0.411]]"
"[[0.321, 0.256], [0.76, 0.756]]","[[0.217, 0.868], [0.37, 0.218]]"
"[[0.468, 0.084], [0.234, 0.929]]","[[0.912, 0.436], [0.551, 0.879]]"
"[[0.869, 0.115], [0.378, 0.11]]","[[0.634, 0.432], [0.511, 0.151]]"
"[[0.134, 0.032], [0.663, 0.442]]","[[0.901, 0.928], [0.181, 0.945]]"
"[[0.348, 0.053], [0.22, 0.076]]","[[0.733, 0.05], [0.906, 0.278]]"
"[[0.184, 0.939], [0.301, 0.847]]","[[0.267, 0.759], [0.718, 0.473]]"
"[[0.906, 0.319], [0.659, 0.713]]","[[0.6, 0.566], [0.82, 0.641]]"
"[[0.286, 0.745], [0.7, 0.237]]","[[0.777, 0.121], [0.179, 0.887]]"
"[[0.633, 0.188], [0.205, 0.13]]","[[0.246, 0.038], [0.267, 0.077]]"
"[[0.122, 0.314], [0.649, 0.354]]","[[0.489, 0.309], [0.021, 0.165]]"
"[[0.99, 0.256], [0.817, 0.08]]","[[0.933, 0.006], [0.395, 0.2]]"
"[[0.558, 0.528], [0.333, 0.393]]","[[0.367, 0.908], [0.811, 0.216]]"
"[[0.62, 0.93], [0.297, 0.502]]","[[0.607, 0.624], [0.572, 0.731]]"
"[[0.099, 0.586], [0.711, 0.078]]","[[0.263, 0.21], [0.656, 0.955]]"
"[[0.071, 0.963], [0.535, 0.532]]","[[0.973, 0.604], [0.229, 0.804]]"
"[[0.123, 0.08], [0.209, 0.068]]","[[0.435, 0.794], [0.516, 0.464]]"
"[[0.102, 0.72], [0.328, 0.97]]","[[0.04, 0.669], [0.854, 0.415]]"
"[[0.324, 0.05], [0.652, 0.125]]","[[0.161, 0.001], [0.651, 0.984]]"
"[[0.142, 0.281], [0.405, 0.297]]","[[0.062, 0.004], [0.893, 0.61]]"
"[[0.684, 0.764], [0.543, 0.712]]","[[0.325, 0.147], [0.345, 0.007]]"
"[[0.757, 0.729], [0.304, 0.68]]","[[0.656, 0.822], [0.841, 0.192]]"
"[[0.771, 0.138], [0.236, 0.7]]","[[0.712, 0.084], [0.255, 0.242]]"
"[[0.999, 0.809], [0.423, 0.734]]","[[0.198, 0.696], [0.346, 0.568]]"
"[[0.026, 0.585], [0.017, 0.508]]","[[0.211, 0.411], [0.607, 0.33]]"
"[[0.084, 0.768], [0.508, 0.785]]","[[0.856, 0.893], [0.317, 0.481]]"
"[[0.258, 0.7], [0.655, 0.705]]","[[0.69, 0.655], [0.612, 0.327]]"
"[[0.673, 0.322], [0.207, 0.511]]","[[0.073, 0.892], [0.81, 0.721]]"
"[[0.279, 0.685], [0.607, 0.21]]","[[0.172, 0.66], [0.557, 0.466]]"
"[[0.036, 0.399], [0.716, 0.974]]","[[0.524, 0.61], [0.275, 0.972]]"
"[[0.223, 0.486], [0.941, 0.092]]","[[0.573, 0.951], [0.127, 0.595]]"
"[[0.68, 0.076], [0.853, 0.491]]","[[0.394, 0.296], [0.428, 0.501]]"
"[[0.182, 0.05], [0.656, 0.228]]","[[0.11, 0.422], [0.568, 0.253]]"
"[[0.075, 0.334], [0.342, 0.911]]","[[0.549, 0.328], [0.046, 0.536]]"
"[[0.109, 0.165], [0.069, 0.534]]","[[0.564, 0.542], [0.354, 0.519]]"
"[[0.499, 0.99], [0.239, 0.096]]","[[0.052, 0.707], [0.348, 0.946]]"
"[[0.216, 0.961], [0.697, 0.367]]","[[0.26, 0.531], [0.051, 0.172]]"
"[[0.438, 0.55], [0.505, 0.263]]","[[0.455, 0.728], [0.555, 0.351]]"
"[[0.101, 0.449], [0.015, 0.156]]","[[0.511, 0.888], [0.286, 0.018]]"
"[[0.414, 0.989], [0.972, 0.778]]","[[0.256, 0.372], [0.854, 0.184]]"
"[[0.504, 0.449], [0.274, 0.617]]","[[0.099, 0.429], [0.212, 0.093]]"
"[[0.969, 0.57], [0.45, 0.584]]","[[0.395, 0.643], [0.548, 0.236]]"
"[[0.886, 0.466], [0.047, 0.501]]","[[0.896, 0.509], [0.147, 0.862]]"
"[[0.612, 0.643], [0.755, 0.584]]","[[0.359, 0.653], [0.886, 0.193]]"
"[[0.081, 0.096], [0.388, 0.542]]","[[0.024, 0.878], [0.678, 0.607]]"
"[[0.274, 0.604], [0.624, 0.945]]","[[0.844, 0.625], [0.998, 0.527]]"
"[[0.416, 0.826], [0.862, 0.804]]","[[0.95, 0.667], [0.927, 0.733]]"
"[[0.812, 0.59], [0.458, 0.827]]","[[0.024, 0.442], [0.783, 0.905]]"
"[[0.713, 0.93], [0.363, 0.118]]","[[0.288, 0.565], [0.77, 0.309]]"
"[[0.51, 0.187], [0.736, 0.447]]","[[0.453, 0.952], [0.755, 0.055]]"
"[[0.264, 0.165], [0.317, 0.59]]","[[0.893, 0.769], [0.094, 0.085]]"
"[[0.605, 0.395], [0.989, 0.38]]","[[0.955, 0.013], [0.675, 0.503]]"
"[[0.148, 0.33], [0.252, 0.743]]","[[0.225, 0.186], [0.562, 0.488]]"
"[[0.625, 0.644], [0.91, 0.68]]","[[0.874, 0.109], [0.428, 0.342]]"
"[[0.643, 0.191], [0.136, 0.471]]","[[0.697, 0.706], [0.714, 0.878]]"
"[[0.039, 0.515], [0.763, 0.103]]","[[0.699, 0.052], [0.851, 0.02]]"
"[[0.432, 0.799], [0.661, 0.16]]","[[0.103, 0.126], [0.842, 0.537]]"
"[[0.432, 0.985], [0.305, 0.4]]","[[0.55, 0.852], [0.306, 0.53]]"
"[[0.279, 0.689], [0.858, 0.415]]","[[0.068, 0.659], [0.325, 0.83]]"
"[[0.902, 0.19], [0.753, 0.741]]","[[0.351, 0.075], [0.614, 0.728]]"
"[[0.426, 0.542], [0.552, 0.322]]","[[0.639, 0.028], [0.165, 0.715]]"
"[[0.74, 0.828], [0.07, 0.861]]","[[0.25, 0.617], [0.01, 0.268]]"
"[[0.349, 0.822], [0.721, 0.891]]","[[0.921, 0.625], [0.145, 0.142]]"
"[[0.297, 0.602], [0.743, 0.054]]","[[0.03, 0.481], [0.823, 0.696]]"
"[[0.809, 0.692], [0.556, 0.431]]","[[0.782, 0.467], [0.156, 0.647]]"
"[[0.584, 0.61], [0.42, 0.439]]","[[0.44, 0.255], [0.571, 0.172]]"
"[[0.94, 0.023], [0.01, 0.939]]","[[0.531, 0.789], [0.348, 0.631]]"
"[[0.561, 0.909], [0.75, 0.089]]","[[0.376, 0.661], [0.117, 0.376]]"
"[[0.144, 0.632], [0.994, 0.83]]","[[0.499, 0.741], [0.488, 0.686]]"
"[[0.089, 0.337], [0.879, 0.621]]","[[0.052, 0.963], [0.183, 0.698]]"
"[[0.549, 0.082], [0.383, 0.17]]","[[0.973, 0.634], [0.256, 0.091]]"
"[[0.628, 0.748], [0.321, 0.98]]","[[0.836, 0.824], [0.125, 0.978]]"
"[[0.77, 0.658], [0.733, 0.325]]","[[0.419, 0.129], [0.763, 0.723]]"
"[[0.19, 0.775], [0.134, 0.716]]","[[0.67, 0.172], [0.597, 0.411]]"
"[[0.857, 0.095], [0.993, 0.017]]","[[0.576, 0.149], [0.496, 0.153]]"
"[[0.705, 0.281], [0.406, 0.991]]","[[0.364, 0.033], [0.164, 0.031]]"
"[[0.241, 0.028], [0.547, 0.974]]","[[0.218, 0.483], [0.755, 0.702]]"
"[[0.471, 0.704], [0.636, 0.58]]","[[0.146, 0.345], [0.337, 0.911]]"
"[[0.602, 0.513], [0.293, 0.064]]","[[0.122, 0.764], [0.282, 0.955]]"
"[[0.104, 0.221], [0.974, 0.505]]","[[0.974, 0.856], [0.303, 0.878]]"
"[[0.176, 0.15], [0.641, 0.155]]","[[0.459, 0.356], [0.164, 0.442]]"
"[[0.928, 0.967], [0.852, 0.319]]","[[0.944, 0.94], [0.688, 0.58]]"
"[[0.045, 0.324], [0.296, 0.291]]","[[0.92, 0.013], [0.394, 0.216]]"
"[[0.783, 0.283], [0.15, 0.139]]","[[0.156, 0.013], [0.553, 0.653]]"
"[[0.843, 0.414], [0.972, 0.75]]","[[0.411, 0.525], [0.838, 0.723]]"
"[[0.808, 0.837], [0.646, 0.715]]","[[0.629, 0.897], [0.992, 0.852]]"
"[[0.5, 0.425], [0.898, 0.192]]","[[0.44, 0.037], [0.611, 0.486]]"
"[[0.258, 0.395], [0.786, 0.149]]","[[0.634, 0.097], [0.829, 0.699]]"
"[[0.615, 0.989], [0.753, 0.734]]","[[0.514, 0.229], [0.746, 0.94]]"
"[[0.878, 0.56], [0.231, 0.398]]","[[0.508, 0.387], [0.579, 0.993]]"
"[[0.72, 0.305], [0.803, 0.254]]","[[0.812, 0.777], [0.88, 0.369]]"
"[[0.145, 0.599], [0.764, 0.776]]","[[0.713, 0.065], [0.087, 0.154]]"
"[[0.214, 0.287], [0.451, 0.939]]","[[0.705, 0.357], [0.002, 0.158]]"
"[[0.398, 0.51], [0.643, 0.23]]","[[0.317, 0.902], [0.706, 0.25]]"
"[[0.365, 0.218], [0.557, 0.556]]","[[0.319, 0.179], [0.383, 0.158]]"
"[[0.397, 0.397], [0.161, 0.234]]","[[0.964, 0.239], [0.761, 0.252]]"
"[[0.626, 0.889], [0.592, 0.227]]","[[0.951, 0.628], [0.431, 0.151]]"
"[[0.182, 0.934], [0.596, 0.603]]","[[0.365, 0.017], [0.313, 0.596]]"
"[[0.027, 0.035], [0.09, 0.359]]","[[0.28, 0.284], [0.262, 0.562]]"
"[[0.265, 0.249], [0.134, 0.313]]","[[0.179, 0.067], [0.284, 0.245]]"
"[[0.743, 0.817], [0.056, 0.066]]","[[0.435, 0.949], [0.121, 0.457]]"
"[[0.366, 0.067], [0.092, 0.907]]","[[0.242, 0.918], [0.585, 0.706]]"
"[[0.763, 0.137], [0.177, 0.23]]","[[0.308, 0.29], [0.618, 0.922]]"
"[[0.593, 0.887], [0.984, 0.278]]","[[0.443, 0.57], [0.528, 0.262]]"
"[[0.629, 0.048], [0.542, 0.675]]","[[0.017, 0.106], [0.981, 0.766]]"
"[[0.743, 0.863], [0.25, 0.135]]","[[0.481, 0.379], [0.078, 0.271]]"
"[[0.674, 0.831], [0.748, 0.069]]","[[0.968, 0.967], [0.244, 0.69]]"
"[[0.062, 0.376], [0.706, 0.239]]","[[0.271, 0.015], [0.28, 0.05]]"
"[[0.472, 0.308], [0.636, 0.141]]","[[0.436, 0.236], [0.761, 0.488]]"
"[[0.948, 0.278], [0.097, 0.832]]","[[0.05, 0.632], [0.7, 0.038]]"
"[[0.297, 0.453], [0.233, 0.043]]","[[0.954, 0.697], [0.63, 0.641]]"
"[[0.402, 0.983], [0.41, 0.368]]","[[0.246, 0.514], [0.354, 0.053]]"
"[[0.061, 0.281], [0.35, 0.826]]","[[0.566, 0.674], [0.88, 0.915]]"
"[[0.036, 0.382], [0.464, 0.665]]","[[0.267, 0.396], [0.326, 0.76]]"
"[[0.886, 0.186], [0.751, 0.989]]","[[0.922, 0.672], [0.016, 0.66]]"
"[[0.984, 0.08], [0.72, 0.669]]","[[0.507, 0.218], [0.302, 0.373]]"
"[[0.629, 0.132], [0.733, 0.358]]","[[0.493, 0.971], [0.273, 0.724]]"
"[[0.675, 0.182], [0.475, 0.927]]","[[0.011, 0.502], [0.281, 0.353]]"
"[[0.776, 0.218], [0.814, 0.946]]","[[0.317, 0.615], [0.612, 0.148]]"
"[[0.266, 0.288], [0.256, 0.834]]","[[0.652, 0.145], [0.523, 0.392]]"
"[[0.966, 0.045], [0.685, 0.428]]","[[0.865, 0.614], [0.979, 0.604]]"
"[[0.378, 0.385], [0.653, 0.969]]","[[0.1, 0.157], [0.578, 0.233]]"
"[[0.43, 0.001], [0.615, 0.139]]","[[0.126, 0.51], [0.82, 0.514]]"
"[[0.671, 0.571], [0.44, 0.406]]","[[0.127, 0.123], [0.996, 0.577]]"
"[[0.104, 0.193], [0.209, 0.494]]","[[0.352, 0.743], [0.785, 0.598]]"
"[[0.213, 0.892], [0.392, 0.915]]","[[0.519, 0.199], [0.741, 0.178]]"
"[[0.954, 0.738], [0.147, 0.994]]","[[0.569, 0.71], [0.286, 0.775]]"
"[[0.776, 0.881], [0.56, 0.154]]","[[0.793, 0.506], [0.22, 0.612]]"
"[[0.18, 0.643], [0.351, 0.435]]","[[0.961, 0.11], [0.309, 0.472]]"
"[[0.757, 0.673], [0.212, 0.095]]","[[0.366, 0.483], [0.896, 0.269]]"
"[[0.022, 0.95], [0.038, 0.112]]","[[0.393, 0.757], [0.753, 0.637]]"
"[[0.816, 0.035], [0.689, 0.103]]","[[0.946, 0.227], [0.691, 1.0]]"
"[[0.74, 0.94], [0.584, 0.868]]","[[0.656, 0.268], [0.941, 0.655]]"
"[[0.995, 0.922], [0.45, 0.654]]","[[0.926, 0.29], [0.635, 0.676]]"
"[[0.819, 0.856], [0.056, 0.501]]","[[0.894, 0.425], [0.634, 0.528]]"
"[[0.176, 0.485], [0.132, 0.801]]","[[0.763, 0.866], [0.831, 0.547]]"
"[[0.883, 0.652], [0.311, 0.327]]","[[0.937, 0.897], [0.899, 0.703]]"
"[[0.829, 0.43], [0.102, 0.487]]","[[0.723, 0.584], [0.128, 0.659]]"
"[[0.328, 0.669], [0.999, 0.478]]","[[0.878, 0.938], [0.503, 0.757]]"
"[[0.037, 0.004], [0.998, 0.243]]","[[0.105, 0.08], [0.028, 0.209]]"
"[[0.127, 0.508], [0.788, 0.639]]","[[0.107, 0.036], [0.74, 0.62]]"
"[[0.847, 0.609], [0.82, 0.589]]","[[0.796, 0.273], [0.526, 0.213]]"
"[[0.617, 0.64], [0.698, 0.616]]","[[0.724, 0.232], [0.462, 0.079]]"
"[[0.204, 0.593], [0.981, 0.537]]","[[0.244, 0.698], [0.568, 0.96]]"
"[[0.433, 0.808], [0.859, 0.322]]","[[0.682, 0.593], [0.716, 0.126]]"
"[[0.947, 0.302], [0.36, 0.855]]","[[0.615, 0.242], [0.44, 0.921]]"
"[[0.692, 0.754], [0.324, 0.033]]","[[0.192, 0.231], [0.877, 0.798]]"
"[[0.128, 0.342], [0.508, 0.205]]","[[0.072, 0.946], [0.629, 0.113]]"
"[[0.519, 0.225], [0.935, 0.076]]","[[0.081, 0.817], [0.353, 0.627]]"
"[[0.777, 0.073], [0.7, 0.702]]","[[0.001, 0.092], [0.642, 0.1]]"
"[[0.64, 0.862], [0.629, 0.389]]","[[0.394, 0.811], [0.983, 0.685]]"
"[[0.436, 0.944], [0.536, 0.099]]","[[0.372, 0.811], [0.623, 0.826]]"
"[[0.567, 0.56], [0.944, 0.714]]","[[0.786, 0.832], [0.606, 0.427]]"
"[[0.899, 0.215], [0.33, 0.458]]","[[0.544, 0.114], [0.692, 0.958]]"
"[[0.41, 0.659], [0.713, 0.675]]","[[0.076, 0.656], [0.82, 0.504]]"
"[[0.37, 0.308], [0.907, 0.263]]","[[0.641, 0.661], [0.256, 0.621]]"
"[[0.568, 0.421], [0.765, 0.681]]","[[0.322, 0.807], [0.616, 0.785]]"
"[[0.805, 0.389], [0.67, 0.097]]","[[0.518, 0.368], [0.795, 0.968]]"
"[[0.95, 0.657], [0.753, 0.298]]","[[0.117, 0.609], [0.724, 0.875]]"
"[[0.562, 0.692], [0.478, 0.554]]","[[0.701, 0.794], [0.164, 0.459]]"
"[[0.003, 0.893], [0.246, 0.299]]","[[0.437, 0.657], [0.077, 0.637]]"
"[[0.322, 0.4], [0.271, 0.894]]","[[0.769, 0.54], [0.153, 0.094]]"
"[[0.362, 0.193], [0.093, 0.81]]","[[0.887, 0.652], [0.243, 0.63]]"
"[[0.106, 0.314], [0.833, 0.675]]","[[0.44, 0.215], [0.625, 0.82]]"
"[[0.075, 0.068], [0.664, 0.822]]","[[0.706, 0.586], [0.095, 0.757]]"
"[[0.892, 0.385], [0.869, 0.562]]","[[0.503, 0.318], [0.172, 0.56]]"
"[[0.504, 0.466], [0.717, 0.166]]","[[0.939, 0.459], [0.28, 0.706]]"
"[[0.138, 0.892], [0.545, 0.949]]","[[0.404, 0.317], [0.983, 0.167]]"
"[[0.323, 0.559], [0.689, 0.506]]","[[0.051, 0.696], [0.842, 0.988]]"
"[[0.551, 0.156], [0.677, 0.038]]","[[0.2, 0.614], [0.524, 0.061]]"
"[[0.714, 0.132], [0.021, 0.888]]","[[0.651, 0.991], [0.615, 0.219]]"
"[[0.45, 0.147], [0.521, 0.032]]","[[0.339, 0.773], [0.768, 0.979]]"
"[[0.74, 0.067], [0.505, 0.281]]","[[0.979, 0.346], [0.664, 0.121]]"
"[[0.231, 0.768], [0.372, 0.015]]","[[0.483, 0.558], [0.71, 0.802]]"
"[[0.71, 0.921], [0.266, 0.809]]","[[0.642, 0.446], [0.188, 0.17]]"
"[[0.274, 0.198], [0.093, 0.789]]","[[0.178, 0.911], [0.644, 0.262]]"
"[[0.874, 0.443], [0.4, 0.559]]","[[0.297, 0.188], [0.962, 0.519]]"
"[[0.003, 0.089], [0.088, 0.349]]","[[0.124, 0.939], [0.805, 0.173]]"
"[[0.975, 0.111], [0.946, 0.273]]","[[0.98, 0.389], [0.457, 0.859]]"
"[[0.794, 0.7], [0.042, 0.824]]","[[0.668, 0.818], [0.928, 0.6]]"
"[[0.935, 0.034], [0.337, 0.524]]","[[0.961, 0.815], [0.059, 0.788]]"
